Open,High,Low,Last,Close,Date
210.6,214.9,210.0,213.5,213.8,21-07-1710 A.M.
214.95,215.35,209.9,210.55,210.05,22-07-1710 A.M.
219.0,220.35,213.6,214.2,214.6,23-07-1710 A.M.
219.95,221.05,218.05,218.95,219.1,26-07-1710 A.M.
222.0,223.65,218.85,219.55,219.4,27-07-1710 A.M.
221.75,223.3,219.55,220.75,220.8,28-07-1710 A.M.
221.8,224.9,215.2,220.1,220.05,29-07-1710 A.M.
220.4,220.4,212.4,217.95,218.55,30-07-1710 A.M.
215.55,224.0,215.4,219.05,219.05,02-08-1710 A.M.
211.0,219.6,210.8,215.0,215.4,03-08-1710 A.M.
209.5,213.1,208.6,210.15,210.2,04-08-1710 A.M.
210.6,214.65,209.55,210.1,210.15,05-08-1710 A.M.
209.8,213.5,208.95,211.0,210.1,06-08-1710 A.M.
212.8,213.4,209.5,210.0,210.05,09-08-1710 A.M.
212.0,213.35,210.0,213.3,212.35,10-08-1710 A.M.
213.35,215.7,210.25,212.9,212.4,11-08-1710 A.M.
203.15,213.9,203.0,212.65,212.95,12-08-1710 A.M.
195.0,203.8,195.0,202.85,202.85,13-08-1710 A.M.
203.0,209.6,197.05,197.05,198.2,16-08-1710 A.M.
208.55,209.5,203.3,206.0,206.55,17-08-1710 A.M.
210.5,211.65,207.0,207.0,208.15,18-08-1710 A.M.
209.0,212.5,205.4,212.0,211.7,19-08-1710 A.M.
214.75,216.75,208.8,210.15,209.5,20-08-1710 A.M.
218.5,219.2,214.3,215.15,214.75,23-08-1710 A.M.
216.25,220.6,216.25,217.65,218.65,24-08-1710 A.M.
217.0,220.65,213.9,218.5,218.75,25-08-1710 A.M.
217.4,221.45,215.2,215.65,216.0,26-08-1710 A.M.
218.95,219.95,214.0,217.75,217.75,27-08-1710 A.M.
217.45,218.9,213.0,218.1,217.65,30-08-1710 A.M.
219.0,219.7,214.8,215.75,215.9,31-08-1710 A.M.
215.0,220.45,215.0,219.85,219.0,01-09-1710 A.M.
223.0,224.85,215.0,215.0,215.95,02-09-1710 A.M.
222.0,225.5,221.5,224.1,224.15,03-09-1710 A.M.
221.5,224.25,218.55,222.3,221.8,06-09-1710 A.M.
217.95,222.5,216.7,221.0,221.45,07-09-1710 A.M.
220.55,221.45,216.5,217.45,217.4,08-09-1710 A.M.
214.0,221.2,211.8,221.0,219.95,09-09-1710 A.M.
211.0,217.0,210.2,214.7,214.7,13-09-1710 A.M.
215.0,215.6,208.55,211.5,209.5,14-09-1710 A.M.
215.0,216.55,214.8,215.2,215.2,15-09-1710 A.M.
220.75,221.75,213.15,213.5,213.8,16-09-1710 A.M.
217.5,221.35,217.05,219.75,219.85,17-09-1710 A.M.
220.0,223.5,216.9,217.75,217.65,20-09-1710 A.M.
218.0,220.5,216.4,217.15,217.75,21-09-1710 A.M.
218.2,220.9,205.0,216.8,217.85,22-09-1710 A.M.
220.9,228.8,219.4,227.95,227.3,23-09-1710 A.M.
217.0,221.45,217.0,220.1,220.0,24-09-1710 A.M.
223.0,223.0,215.75,216.9,217.6,27-09-1710 A.M.
217.9,224.7,216.0,224.4,222.1,28-09-1710 A.M.
220.1,221.25,217.05,219.55,219.8,29-09-1710 A.M.
221.1,222.2,214.75,219.55,218.3,30-09-1710 A.M.
229.45,231.6,222.0,223.05,223.25,01-10-1710 A.M.
230.3,232.7,225.5,227.75,227.2,04-10-1710 A.M.
237.7,240.8,229.45,231.3,231.1,05-10-1710 A.M.
237.1,237.7,233.05,234.4,235.45,06-10-1710 A.M.
229.7,237.0,226.8,234.8,234.9,07-10-1710 A.M.
226.25,232.35,225.5,228.7,229.1,08-10-1710 A.M.
215.0,229.7,215.0,225.6,224.6,11-10-1710 A.M.
215.0,229.65,215.0,228.25,228.4,12-10-1710 A.M.
215.5,219.15,209.6,215.0,216.5,13-10-1710 A.M.
208.0,222.25,206.85,216.0,215.15,14-10-1710 A.M.
217.0,218.6,205.9,210.25,209.2,15-10-1710 A.M.
223.5,227.8,216.15,217.25,218.2,18-10-1710 A.M.
230.0,237.5,225.75,226.45,227.6,19-10-1710 A.M.
234.55,234.6,221.05,230.3,230.9,20-10-1710 A.M.
234.05,235.95,230.2,233.5,233.75,21-10-1710 A.M.
234.55,236.8,231.1,233.8,233.25,22-10-1710 A.M.
240.0,240.0,232.5,235.0,234.25,25-10-1710 A.M.
233.3,236.75,232.0,236.25,236.1,26-10-1710 A.M.
233.55,239.2,230.75,234.0,233.3,27-10-1710 A.M.
235.0,237.0,227.95,233.75,234.6,28-10-1710 A.M.
235.95,237.2,233.45,234.6,234.9,29-10-1710 A.M.
237.9,239.25,233.5,235.5,235.05,01-11-1710 A.M.
233.15,238.0,230.25,236.4,236.6,02-11-1710 A.M.
223.45,236.7,223.3,234.0,233.95,03-11-1710 A.M.
216.35,223.7,212.65,221.65,222.65,04-11-1710 A.M.
222.5,225.4,214.85,216.35,216.0,05-11-1710 A.M.
222.5,235.15,220.65,221.05,222.0,08-11-1710 A.M.
221.0,224.5,219.1,223.15,222.95,09-11-1710 A.M.
224.0,225.0,218.2,220.95,221.05,10-11-1710 A.M.
222.0,224.6,215.2,222.1,222.4,11-11-1710 A.M.
238.2,238.2,222.6,223.45,223.7,12-11-1710 A.M.
236.0,243.55,235.05,236.85,236.7,15-11-1710 A.M.
237.0,239.75,232.95,234.65,234.3,16-11-1710 A.M.
235.35,237.3,232.1,237.3,236.0,18-11-1710 A.M.
233.85,237.7,232.7,234.2,234.55,19-11-1710 A.M.
237.0,239.3,231.3,232.9,233.35,22-11-1710 A.M.
231.8,239.35,231.05,236.8,237.05,23-11-1710 A.M.
234.5,237.2,230.2,231.5,231.0,24-11-1710 A.M.
240.3,240.6,233.1,235.5,235.45,25-11-1710 A.M.
246.9,246.9,239.25,240.9,240.55,26-11-1710 A.M.
244.0,247.0,243.0,244.7,245.15,29-11-1710 A.M.
240.8,244.5,239.2,242.7,243.0,30-11-1710 A.M.
236.05,242.0,235.95,240.35,239.35,01-12-1710 A.M.
235.0,238.5,235.0,237.4,237.55,02-12-1710 A.M.
233.0,236.45,232.25,235.2,234.55,03-12-1710 A.M.
237.3,237.95,231.1,233.65,233.55,06-12-1710 A.M.
236.65,239.85,235.3,237.25,237.3,07-12-1710 A.M.
237.25,240.5,235.05,236.35,236.35,08-12-1710 A.M.
241.0,241.55,235.3,237.5,237.6,09-12-1710 A.M.
235.15,240.45,234.15,240.0,239.5,10-12-1710 A.M.
236.0,239.0,232.0,235.2,234.65,13-12-1710 A.M.
232.5,238.05,230.4,235.0,235.45,14-12-1710 A.M.
248.7,254.95,234.35,235.1,235.65,15-12-1710 A.M.
243.4,249.65,241.5,247.1,246.9,16-12-1710 A.M.
243.7,247.0,240.9,243.65,242.2,20-12-1710 A.M.
241.0,243.95,239.15,242.5,242.25,21-12-1710 A.M.
235.9,242.95,234.5,239.5,239.1,22-12-1710 A.M.
248.5,248.5,235.8,236.05,236.9,23-12-1710 A.M.
244.0,249.2,241.9,246.3,246.3,24-12-1710 A.M.
238.9,244.25,235.25,243.05,243.3,27-12-1710 A.M.
231.25,240.95,231.25,238.9,238.6,28-12-1710 A.M.
239.7,243.3,228.6,232.5,233.1,29-12-1710 A.M.
248.4,249.6,232.7,238.1,238.65,30-12-1710 A.M.
241.55,251.85,240.3,247.5,247.9,31-12-1710 A.M.
257.9,257.9,242.1,243.9,243.25,03-01-1711 A.M.
265.0,265.75,257.55,258.3,258.9,04-01-1711 A.M.
270.4,272.45,264.35,264.5,265.2,05-01-1711 A.M.
274.8,275.45,267.45,270.0,269.8,06-01-1711 A.M.
275.9,277.8,272.55,274.55,274.75,07-01-1711 A.M.
268.25,276.2,267.0,275.3,275.25,10-01-1711 A.M.
269.8,273.25,265.7,266.2,266.3,11-01-1711 A.M.
277.45,282.4,270.0,271.8,271.25,12-01-1711 A.M.
281.0,281.0,275.35,277.7,277.3,13-01-1711 A.M.
264.5,284.5,262.7,280.1,281.0,14-01-1711 A.M.
271.0,273.1,263.25,264.5,264.45,17-01-1711 A.M.
262.7,270.15,262.7,269.2,269.35,18-01-1711 A.M.
263.0,268.25,261.45,265.05,263.95,19-01-1711 A.M.
265.1,268.4,261.2,263.15,265.6,20-01-1711 A.M.
264.8,269.7,263.3,264.6,267.35,21-01-1711 A.M.
260.1,266.95,260.1,264.55,264.5,24-01-1711 A.M.
257.9,263.55,256.45,261.95,262.1,25-01-1711 A.M.
258.05,262.35,255.5,258.15,258.2,27-01-1711 A.M.
263.7,264.75,257.0,260.55,260.85,28-01-1711 A.M.
274.65,274.65,266.05,267.0,267.05,31-01-1711 A.M.
271.55,276.85,269.15,274.9,275.35,01-02-1711 A.M.
279.15,281.0,271.45,272.2,272.15,02-02-1711 A.M.
269.8,278.75,268.2,278.0,277.8,03-02-1711 A.M.
267.0,270.5,265.35,270.0,269.6,04-02-1711 A.M.
262.75,268.4,262.75,267.2,267.6,07-02-1711 A.M.
265.6,271.25,262.7,263.25,263.7,08-02-1711 A.M.
263.7,269.35,263.55,266.7,266.95,09-02-1711 A.M.
266.9,269.7,263.3,267.0,267.1,10-02-1711 A.M.
262.75,266.7,260.35,265.55,265.75,11-02-1711 A.M.
255.5,264.7,254.8,264.2,263.75,14-02-1711 A.M.
265.0,265.4,253.5,255.5,255.25,15-02-1711 A.M.
269.7,269.7,258.55,265.1,263.25,16-02-1711 A.M.
267.0,272.0,260.7,269.05,269.2,17-02-1711 A.M.
254.0,266.0,253.2,265.7,264.5,18-02-1711 A.M.
257.4,262.7,257.0,257.9,257.5,21-02-1711 A.M.
254.7,262.2,254.65,260.7,260.65,22-02-1711 A.M.
252.2,259.4,252.2,258.5,257.85,23-02-1711 A.M.
251.0,255.5,247.3,255.0,254.5,24-02-1711 A.M.
246.5,252.35,245.55,250.0,250.2,25-02-1711 A.M.
244.0,251.1,244.0,247.6,247.15,28-02-1711 A.M.
244.1,248.35,240.55,244.0,243.55,01-03-1711 A.M.
248.3,248.95,243.35,245.1,244.7,03-03-1711 A.M.
243.5,249.3,242.5,247.5,247.5,04-03-1711 A.M.
240.0,245.6,237.25,241.4,241.1,07-03-1711 A.M.
256.45,259.5,240.75,242.45,242.65,08-03-1711 A.M.
280.0,281.35,251.85,257.0,255.9,09-03-1711 A.M.
284.4,290.5,284.4,287.0,287.5,10-03-1711 A.M.
292.95,293.0,283.45,284.15,285.25,11-03-1711 A.M.
289.6,294.35,288.6,292.0,292.0,14-03-1711 A.M.
296.0,296.2,287.25,289.5,289.7,15-03-1711 A.M.
288.8,295.5,287.0,295.05,294.2,16-03-1711 A.M.
287.05,291.5,282.3,287.9,287.8,17-03-1711 A.M.
292.75,292.75,283.1,286.45,286.65,18-03-1711 A.M.
297.4,300.0,289.4,293.0,292.75,21-03-1711 A.M.
293.9,298.5,292.05,297.85,297.55,22-03-1711 A.M.
293.45,294.4,291.05,291.4,292.1,23-03-1711 A.M.
292.5,293.65,288.75,291.2,291.2,24-03-1711 A.M.
283.05,291.25,282.05,289.1,289.1,25-03-1711 A.M.
283.0,288.0,281.8,283.7,283.15,28-03-1711 A.M.
287.7,287.8,282.65,283.2,283.6,29-03-1711 A.M.
285.95,288.8,283.65,286.0,286.3,30-03-1711 A.M.
286.0,288.65,283.6,285.55,286.2,31-03-1711 A.M.
282.3,287.45,279.25,285.35,284.1,01-04-1711 A.M.
282.0,285.25,277.5,280.6,280.95,04-04-1711 A.M.
274.0,280.2,272.55,279.4,279.65,05-04-1711 A.M.
274.0,277.35,271.75,275.7,275.5,06-04-1711 A.M.
273.9,277.8,271.65,273.9,273.85,07-04-1711 A.M.
276.1,276.35,271.5,273.85,273.85,08-04-1711 A.M.
280.2,280.7,274.1,275.8,275.5,11-04-1711 A.M.
275.0,281.65,273.0,276.75,277.8,13-04-1711 A.M.
274.8,275.65,271.0,272.7,272.7,15-04-1711 A.M.
274.55,277.0,271.5,273.0,273.0,18-04-1711 A.M.
276.7,279.05,269.55,270.15,270.25,19-04-1711 A.M.
276.0,277.55,271.7,275.3,274.8,20-04-1711 A.M.
259.35,278.4,259.35,277.45,276.95,21-04-1711 A.M.
261.25,264.0,257.5,259.15,258.75,25-04-1711 A.M.
264.0,265.75,260.75,264.0,263.8,26-04-1711 A.M.
258.05,263.5,253.7,263.45,262.2,27-04-1711 A.M.
251.05,258.9,250.0,258.2,257.9,28-04-1711 A.M.
264.65,264.65,257.6,259.1,258.85,29-04-1711 A.M.
265.3,266.3,262.15,262.9,263.2,02-05-1711 A.M.
259.7,263.65,255.1,263.3,262.05,03-05-1711 A.M.
272.6,273.0,258.35,260.65,260.6,04-05-1711 A.M.
280.8,282.7,271.05,272.55,272.4,05-05-1711 A.M.
278.0,284.4,277.25,279.55,279.6,06-05-1711 A.M.
275.25,281.25,275.25,279.0,278.5,09-05-1711 A.M.
278.05,281.3,273.2,278.2,278.2,10-05-1711 A.M.
270.0,276.65,269.7,276.0,276.05,11-05-1711 A.M.
275.9,275.9,266.6,268.5,268.35,12-05-1711 A.M.
270.5,274.2,265.0,273.15,273.4,13-05-1711 A.M.
272.0,274.45,265.15,268.9,268.9,16-05-1711 A.M.
276.7,283.1,271.45,272.5,274.15,17-05-1711 A.M.
274.8,276.95,270.55,276.6,275.65,18-05-1711 A.M.
275.0,277.35,274.1,275.45,274.85,19-05-1711 A.M.
273.0,277.0,272.0,275.4,275.5,20-05-1711 A.M.
275.0,279.7,273.1,275.4,275.0,23-05-1711 A.M.
273.55,274.8,271.55,274.8,273.5,24-05-1711 A.M.
264.2,271.9,263.0,271.2,270.7,25-05-1711 A.M.
265.95,269.9,261.1,262.9,262.15,26-05-1711 A.M.
265.0,268.85,262.2,266.5,266.6,27-05-1711 A.M.
268.7,274.2,261.65,263.0,262.85,30-05-1711 A.M.
277.0,277.05,263.0,269.0,267.95,31-05-1711 A.M.
280.25,282.75,274.2,275.5,275.6,01-06-1711 A.M.
284.35,285.25,276.0,279.85,279.05,02-06-1711 A.M.
287.95,289.0,280.9,281.5,281.95,03-06-1711 A.M.
282.4,289.6,279.7,284.25,285.1,06-06-1711 A.M.
271.1,279.8,271.1,278.65,278.25,07-06-1711 A.M.
282.0,286.5,276.1,280.4,280.45,08-06-1711 A.M.
270.0,284.4,270.0,279.65,280.15,09-06-1711 A.M.
259.0,270.3,253.25,266.0,266.7,10-06-1711 A.M.
265.1,276.9,255.15,275.5,273.1,13-06-1711 A.M.
284.0,285.0,260.25,274.6,274.85,14-06-1711 A.M.
290.25,294.9,278.6,289.55,288.35,15-06-1711 A.M.
302.9,303.7,286.1,291.15,290.65,16-06-1711 A.M.
300.95,307.3,299.45,304.0,304.0,17-06-1711 A.M.
305.25,306.8,300.7,301.3,301.8,20-06-1711 A.M.
304.0,311.25,301.65,305.3,304.25,21-06-1711 A.M.
306.0,310.7,302.8,303.7,304.25,22-06-1711 A.M.
310.7,310.7,304.05,307.7,307.2,23-06-1711 A.M.
307.05,314.95,306.6,309.0,308.85,24-06-1711 A.M.
306.0,310.0,300.95,309.9,308.35,27-06-1711 A.M.
315.05,315.75,301.4,304.5,305.45,28-06-1711 A.M.
313.85,317.0,307.55,314.05,313.55,29-06-1711 A.M.
323.0,326.9,311.45,317.6,316.4,30-06-1711 A.M.
327.7,328.75,321.65,323.7,323.0,01-07-1711 A.M.
315.05,328.35,315.0,325.95,325.75,04-07-1711 A.M.
314.0,316.7,311.8,313.1,313.3,05-07-1711 A.M.
315.0,319.1,312.55,314.25,314.1,06-07-1711 A.M.
317.6,319.65,314.0,314.7,315.3,07-07-1711 A.M.
314.65,319.2,312.2,317.45,317.6,08-07-1711 A.M.
312.3,315.85,310.35,312.85,312.95,11-07-1711 A.M.
312.0,313.5,307.25,312.3,312.25,12-07-1711 A.M.
311.9,315.15,310.15,310.95,311.2,13-07-1711 A.M.
314.3,314.95,307.55,310.7,311.15,14-07-1711 A.M.
317.75,317.8,311.8,313.45,312.9,15-07-1711 A.M.
308.05,318.0,306.35,316.05,316.4,18-07-1711 A.M.
306.5,309.3,303.55,306.8,306.6,19-07-1711 A.M.
305.5,308.8,302.5,305.65,305.55,20-07-1711 A.M.
303.7,307.7,300.55,305.5,305.95,21-07-1711 A.M.
301.0,306.35,299.7,302.8,302.75,22-07-1711 A.M.
302.25,303.0,298.15,300.2,300.15,25-07-1711 A.M.
301.0,303.8,297.75,302.0,300.85,26-07-1711 A.M.
292.0,301.45,291.7,300.7,300.65,27-07-1711 A.M.
280.0,293.95,275.1,291.6,290.85,28-07-1711 A.M.
289.0,289.95,286.15,287.1,286.85,29-07-1711 A.M.
288.0,288.25,279.2,284.5,284.3,01-08-1711 A.M.
290.0,292.5,282.2,284.8,284.45,02-08-1711 A.M.
298.6,298.6,286.65,287.45,287.8,03-08-1711 A.M.
290.0,299.55,285.9,297.85,298.35,04-08-1711 A.M.
287.55,289.9,285.05,288.05,288.45,05-08-1711 A.M.
276.0,284.85,275.65,284.8,284.0,08-08-1711 A.M.
278.9,282.95,273.6,275.3,274.95,09-08-1711 A.M.
279.4,283.75,278.15,280.4,279.95,10-08-1711 A.M.
285.0,286.5,276.4,280.3,279.05,11-08-1711 A.M.
288.45,293.6,282.6,284.0,283.55,12-08-1711 A.M.
278.9,292.2,277.55,288.1,287.1,16-08-1711 A.M.
287.3,290.65,278.3,279.05,280.2,17-08-1711 A.M.
277.0,289.8,276.5,287.2,287.75,18-08-1711 A.M.
277.5,278.4,274.3,277.75,277.45,19-08-1711 A.M.
275.05,280.0,275.05,277.2,278.7,22-08-1711 A.M.
273.15,276.95,270.5,276.25,274.8,23-08-1711 A.M.
273.5,275.85,267.75,275.0,274.05,24-08-1711 A.M.
275.9,280.75,271.15,273.5,273.15,25-08-1711 A.M.
261.15,276.25,259.25,275.15,274.9,26-08-1711 A.M.
252.25,260.8,250.8,258.95,259.9,29-08-1711 A.M.
254.0,254.65,247.2,251.25,251.95,30-08-1711 A.M.
237.9,253.35,237.9,252.15,250.9,02-09-1711 A.M.
234.7,248.0,228.4,246.4,246.7,05-09-1711 A.M.
236.3,239.8,232.85,233.95,234.4,06-09-1711 A.M.
240.7,244.0,234.65,236.3,236.15,07-09-1711 A.M.
225.8,241.6,225.3,239.85,240.45,08-09-1711 A.M.
226.0,228.0,222.55,225.4,224.5,09-09-1711 A.M.
235.0,235.5,221.3,225.0,225.0,12-09-1711 A.M.
224.9,236.9,224.0,234.45,234.7,13-09-1711 A.M.
227.0,227.9,224.35,225.5,225.3,14-09-1711 A.M.
227.9,231.25,223.4,226.95,226.35,15-09-1711 A.M.
226.95,231.4,226.35,228.0,227.8,16-09-1711 A.M.
226.95,228.25,223.15,227.5,226.95,19-09-1711 A.M.
225.0,230.25,222.5,226.5,226.8,20-09-1711 A.M.
211.3,221.8,209.75,221.7,220.5,21-09-1711 A.M.
204.95,210.85,203.4,209.7,209.8,22-09-1711 A.M.
211.0,211.5,203.0,205.0,205.3,23-09-1711 A.M.
204.0,210.25,203.55,209.7,209.65,26-09-1711 A.M.
205.5,207.45,202.6,203.75,203.1,27-09-1711 A.M.
207.9,207.95,203.7,203.85,204.6,28-09-1711 A.M.
211.45,211.45,205.6,207.5,206.8,29-09-1711 A.M.
210.4,213.35,209.05,210.55,210.3,30-09-1711 A.M.
210.3,211.85,207.1,209.4,209.6,03-10-1711 A.M.
211.0,214.2,209.25,210.0,210.25,04-10-1711 A.M.
211.0,212.9,208.0,212.0,212.0,05-10-1711 A.M.
209.45,216.0,205.6,209.75,209.4,07-10-1711 A.M.
209.5,211.15,207.7,208.5,208.45,10-10-1711 A.M.
209.65,211.35,207.65,208.25,208.3,11-10-1711 A.M.
210.0,212.25,208.65,209.6,209.6,12-10-1711 A.M.
204.95,210.55,204.55,210.5,209.45,13-10-1711 A.M.
207.3,207.7,203.15,205.7,204.95,14-10-1711 A.M.
207.25,210.55,205.0,206.85,206.45,17-10-1711 A.M.
204.5,209.9,203.4,206.6,205.8,18-10-1711 A.M.
199.05,204.5,198.7,204.0,203.15,19-10-1711 A.M.
206.5,207.0,196.65,198.5,198.6,20-10-1711 A.M.
196.0,206.45,195.3,204.95,204.65,21-10-1711 A.M.
201.45,202.0,192.3,197.0,196.65,24-10-1711 A.M.
211.0,211.0,200.0,201.2,201.15,25-10-1711 A.M.
214.0,214.8,207.3,213.5,212.2,26-10-1711 A.M.
216.4,216.85,213.1,213.65,213.7,28-10-1711 A.M.
213.0,220.2,212.85,216.4,216.2,31-10-1711 A.M.
212.65,215.0,210.7,213.45,213.3,01-11-1711 A.M.
211.0,213.7,208.85,210.1,210.55,02-11-1711 A.M.
208.5,213.8,207.35,212.5,212.05,03-11-1711 A.M.
214.65,214.95,206.2,208.8,207.3,04-11-1711 A.M.
212.0,213.65,210.15,211.7,212.05,08-11-1711 A.M.
209.2,211.05,207.3,209.4,209.25,09-11-1711 A.M.
206.1,210.8,205.45,206.55,206.9,11-11-1711 A.M.
207.95,209.3,204.8,205.4,205.75,14-11-1711 A.M.
195.1,207.2,194.6,206.5,205.95,15-11-1711 A.M.
194.3,197.4,193.3,197.15,196.7,16-11-1711 A.M.
198.0,198.4,190.5,193.3,193.3,17-11-1711 A.M.
198.25,200.65,196.3,197.8,197.6,18-11-1711 A.M.
198.5,200.7,196.1,198.2,198.0,21-11-1711 A.M.
193.0,198.15,192.35,197.5,197.05,22-11-1711 A.M.
192.95,197.5,189.35,190.55,190.35,23-11-1711 A.M.
195.0,196.3,192.05,193.9,193.3,24-11-1711 A.M.
197.3,198.3,193.7,194.2,194.25,25-11-1711 A.M.
191.5,197.45,189.15,196.75,196.55,28-11-1711 A.M.
197.15,199.5,188.85,190.6,189.85,29-11-1711 A.M.
196.65,203.0,194.4,196.5,196.15,30-11-1711 A.M.
189.8,196.4,188.05,195.7,194.4,01-12-1711 A.M.
194.0,197.4,189.8,190.9,190.6,02-12-1711 A.M.
182.5,196.75,181.5,194.0,193.85,05-12-1711 A.M.
166.0,180.3,165.1,177.3,178.75,07-12-1711 A.M.
155.1,164.8,152.05,163.4,164.2,08-12-1711 A.M.
161.85,163.5,153.2,157.3,156.0,09-12-1711 A.M.
165.5,166.9,160.45,161.0,162.1,12-12-1711 A.M.
171.8,171.8,165.6,166.25,166.0,13-12-1711 A.M.
167.0,171.7,167.0,170.5,170.45,14-12-1711 A.M.
164.7,167.6,163.85,166.35,166.45,15-12-1711 A.M.
165.95,169.4,164.5,167.0,166.65,16-12-1711 A.M.
168.0,168.55,164.2,164.85,165.1,19-12-1711 A.M.
171.0,171.75,166.75,167.8,167.5,20-12-1711 A.M.
169.5,172.4,168.35,170.1,169.55,21-12-1711 A.M.
167.9,170.65,166.85,168.85,169.15,22-12-1711 A.M.
173.85,173.85,167.7,168.4,168.4,23-12-1711 A.M.
172.0,175.35,170.75,172.35,172.2,26-12-1711 A.M.
170.5,172.25,169.2,171.7,171.15,27-12-1711 A.M.
172.2,174.3,169.45,170.4,170.0,28-12-1711 A.M.
171.9,173.85,169.7,172.5,172.2,29-12-1711 A.M.
175.4,176.25,170.3,171.0,171.3,30-12-1711 A.M.
173.8,177.4,173.7,175.1,175.15,02-01-1712 A.M.
176.1,178.7,173.05,173.95,173.75,03-01-1712 A.M.
174.25,179.3,172.6,176.95,177.0,04-01-1712 A.M.
175.9,175.9,172.05,174.25,174.2,05-01-1712 A.M.
175.35,176.7,171.2,174.75,175.4,06-01-1712 A.M.
171.05,174.8,169.0,173.35,173.75,07-01-1712 A.M.
167.05,172.8,167.05,169.25,169.5,09-01-1712 A.M.
159.0,167.85,157.1,167.2,166.55,10-01-1712 A.M.
153.15,158.9,153.1,157.65,157.75,11-01-1712 A.M.
156.5,157.8,152.75,153.25,153.35,12-01-1712 A.M.
151.5,157.1,150.0,156.3,156.15,13-01-1712 A.M.
153.7,154.15,149.75,150.1,150.05,16-01-1712 A.M.
152.5,155.65,150.75,151.65,151.6,17-01-1712 A.M.
148.0,151.7,147.1,150.5,150.65,18-01-1712 A.M.
149.95,151.7,147.9,149.5,148.5,19-01-1712 A.M.
147.25,150.2,146.4,149.0,149.15,20-01-1712 A.M.
151.15,151.95,145.75,147.4,147.35,23-01-1712 A.M.
154.6,155.0,149.8,151.3,151.15,24-01-1712 A.M.
157.0,158.6,154.0,154.2,154.75,25-01-1712 A.M.
156.8,159.4,156.05,156.65,156.8,27-01-1712 A.M.
156.75,158.65,155.55,156.6,156.85,30-01-1712 A.M.
159.0,159.55,155.9,156.3,156.4,31-01-1712 A.M.
159.95,161.8,157.7,157.8,158.2,01-02-1712 A.M.
158.45,162.75,157.6,158.75,159.1,02-02-1712 A.M.
156.95,160.45,155.05,158.15,158.45,03-02-1712 A.M.
152.45,157.7,151.7,155.75,156.45,06-02-1712 A.M.
153.5,154.5,151.75,151.8,152.1,07-02-1712 A.M.
154.9,155.65,152.8,154.0,154.4,08-02-1712 A.M.
155.1,156.9,153.4,154.2,154.6,09-02-1712 A.M.
152.65,156.4,152.4,155.1,155.55,10-02-1712 A.M.
155.0,155.65,152.2,152.5,153.0,13-02-1712 A.M.
155.05,156.5,152.9,154.8,154.95,14-02-1712 A.M.
153.1,158.35,152.15,154.6,154.85,15-02-1712 A.M.
148.35,154.0,148.25,153.05,152.4,16-02-1712 A.M.
148.55,151.0,147.55,149.7,149.4,17-02-1712 A.M.
145.0,146.2,143.7,145.45,145.55,21-02-1712 A.M.
147.2,147.5,143.9,144.9,145.4,22-02-1712 A.M.
144.0,147.25,143.5,146.9,146.9,23-02-1712 A.M.
143.45,144.65,142.1,143.25,143.05,24-02-1712 A.M.
145.2,146.1,140.2,142.0,141.7,27-02-1712 A.M.
148.05,148.4,143.65,144.7,144.75,28-02-1712 A.M.
149.8,151.15,147.2,147.95,147.8,29-02-1712 A.M.
149.5,153.8,148.35,149.3,149.5,01-03-1712 A.M.
152.0,152.6,147.0,147.1,147.5,02-03-1712 A.M.
154.0,154.65,152.5,152.5,152.85,03-03-1712 A.M.
154.6,155.45,153.0,153.85,154.45,05-03-1712 A.M.
152.65,155.0,152.45,154.55,154.6,06-03-1712 A.M.
154.0,154.75,151.65,152.6,152.65,07-03-1712 A.M.
155.0,156.2,153.2,153.75,154.0,09-03-1712 A.M.
154.9,156.35,153.9,154.65,154.85,12-03-1712 A.M.
153.2,155.15,152.55,154.0,154.05,13-03-1712 A.M.
152.8,154.15,151.95,152.45,152.6,14-03-1712 A.M.
156.5,156.5,151.1,152.0,152.3,15-03-1712 A.M.
156.3,158.3,154.8,155.0,155.35,16-03-1712 A.M.
158.85,158.85,155.55,156.25,156.2,19-03-1712 A.M.
154.3,161.45,153.75,157.5,157.7,20-03-1712 A.M.
153.4,154.7,152.0,152.8,153.1,21-03-1712 A.M.
155.0,155.4,151.55,152.0,152.1,22-03-1712 A.M.
152.45,156.6,151.6,154.05,153.75,23-03-1712 A.M.
152.4,153.15,151.0,151.6,151.7,26-03-1712 A.M.
151.0,153.25,151.0,151.5,151.95,27-03-1712 A.M.
153.5,153.9,149.7,151.2,151.3,28-03-1712 A.M.
150.25,153.6,150.25,152.0,152.15,29-03-1712 A.M.
147.9,150.8,147.5,150.6,150.2,30-03-1712 A.M.
149.1,152.5,147.5,147.7,148.15,02-04-1712 A.M.
151.0,151.0,148.55,149.05,149.45,03-04-1712 A.M.
152.0,153.0,149.8,150.0,150.5,04-04-1712 A.M.
153.95,153.95,150.3,151.8,151.75,09-04-1712 A.M.
151.5,153.75,151.05,153.7,153.4,10-04-1712 A.M.
151.5,152.25,149.4,150.55,150.95,11-04-1712 A.M.
152.8,154.45,150.0,150.0,150.6,12-04-1712 A.M.
152.9,154.35,151.25,152.55,153.05,13-04-1712 A.M.
152.8,154.8,151.0,152.75,152.65,16-04-1712 A.M.
150.65,153.5,150.3,151.3,151.9,17-04-1712 A.M.
151.45,152.1,150.1,150.5,150.55,18-04-1712 A.M.
151.45,152.75,149.7,150.0,150.15,19-04-1712 A.M.
151.7,153.0,149.5,150.1,150.6,20-04-1712 A.M.
149.9,153.9,148.0,153.0,150.55,23-04-1712 A.M.
151.0,151.9,148.0,148.0,148.6,24-04-1712 A.M.
152.9,153.15,150.5,150.85,151.15,25-04-1712 A.M.
143.9,152.5,143.2,151.7,151.6,26-04-1712 A.M.
145.55,145.55,142.2,142.75,143.1,27-04-1712 A.M.
147.0,148.45,145.1,145.6,145.9,28-04-1712 A.M.
144.8,147.45,144.8,146.55,146.45,30-04-1712 A.M.
145.7,145.7,142.25,144.5,144.8,02-05-1712 A.M.
141.6,145.5,141.35,144.45,144.7,03-05-1712 A.M.
139.6,142.1,139.3,140.95,140.9,04-05-1712 A.M.
140.2,140.4,138.6,139.6,139.5,07-05-1712 A.M.
140.85,142.25,136.75,137.15,137.1,08-05-1712 A.M.
140.6,142.35,140.2,140.6,140.8,09-05-1712 A.M.
142.4,143.0,140.05,140.8,141.4,10-05-1712 A.M.
143.0,144.15,142.2,142.4,142.75,11-05-1712 A.M.
143.95,145.2,142.1,142.8,143.25,14-05-1712 A.M.
141.1,144.2,140.1,143.25,143.35,15-05-1712 A.M.
145.45,145.75,140.05,141.1,141.1,16-05-1712 A.M.
138.5,145.8,138.25,144.1,143.6,17-05-1712 A.M.
139.15,139.85,136.75,138.15,138.05,18-05-1712 A.M.
139.0,140.45,138.35,138.45,138.9,21-05-1712 A.M.
140.05,140.9,138.7,139.1,139.25,22-05-1712 A.M.
142.55,142.75,139.6,139.75,140.0,23-05-1712 A.M.
142.15,143.2,141.0,141.7,141.6,24-05-1712 A.M.
141.0,142.6,139.8,141.4,141.6,25-05-1712 A.M.
140.9,141.95,139.65,139.8,140.15,28-05-1712 A.M.
139.2,140.7,138.1,140.65,140.1,29-05-1712 A.M.
140.9,142.85,138.0,138.4,138.75,30-05-1712 A.M.
142.4,143.7,139.95,140.9,141.2,31-05-1712 A.M.
144.9,146.85,141.25,141.5,141.95,01-06-1712 A.M.
143.95,145.5,142.6,144.0,143.95,04-06-1712 A.M.
146.0,147.15,143.05,143.75,143.9,05-06-1712 A.M.
141.95,146.9,141.35,145.85,146.15,06-06-1712 A.M.
142.1,145.8,140.1,141.9,141.65,07-06-1712 A.M.
141.9,144.75,141.2,142.8,142.75,08-06-1712 A.M.
138.2,143.9,137.1,141.55,141.85,11-06-1712 A.M.
132.45,138.8,132.4,137.4,137.65,12-06-1712 A.M.
129.05,130.65,127.35,129.85,130.1,13-06-1712 A.M.
130.5,132.0,128.5,128.7,128.85,14-06-1712 A.M.
129.1,131.8,128.1,130.25,130.45,15-06-1712 A.M.
128.35,129.95,128.35,128.8,129.2,18-06-1712 A.M.
129.25,129.25,127.45,128.3,128.35,19-06-1712 A.M.
128.8,128.95,126.85,128.5,128.45,20-06-1712 A.M.
127.6,128.4,126.6,127.65,127.9,21-06-1712 A.M.
130.25,131.35,126.0,126.9,126.4,22-06-1712 A.M.
129.8,131.55,129.15,130.25,130.5,25-06-1712 A.M.
128.0,130.45,127.7,128.5,128.65,26-06-1712 A.M.
128.6,129.4,126.55,127.5,127.6,27-06-1712 A.M.
128.2,128.4,127.0,127.6,127.65,28-06-1712 A.M.
126.9,130.9,126.65,128.15,128.35,29-06-1712 A.M.
128.3,128.4,124.05,124.9,125.15,02-07-1712 A.M.
125.0,127.9,124.55,127.65,127.55,03-07-1712 A.M.
125.5,125.5,123.8,124.5,124.45,04-07-1712 A.M.
124.75,125.5,123.95,124.75,124.75,05-07-1712 A.M.
125.4,126.95,124.05,124.5,124.65,06-07-1712 A.M.
124.75,125.65,124.55,125.3,125.2,09-07-1712 A.M.
125.0,126.05,123.8,124.1,124.45,10-07-1712 A.M.
122.8,125.4,122.8,124.75,124.45,11-07-1712 A.M.
122.8,124.2,121.35,123.55,123.55,12-07-1712 A.M.
121.1,123.3,121.1,122.0,122.0,13-07-1712 A.M.
119.6,122.15,119.6,121.3,121.1,16-07-1712 A.M.
119.2,122.0,119.2,119.8,119.6,17-07-1712 A.M.
117.0,121.05,116.45,120.05,120.55,18-07-1712 A.M.
118.8,118.85,116.3,117.4,117.0,19-07-1712 A.M.
119.5,119.8,118.0,118.7,118.85,20-07-1712 A.M.
122.4,122.4,119.0,119.3,119.4,23-07-1712 A.M.
120.75,122.95,120.75,121.95,121.6,24-07-1712 A.M.
124.8,125.0,120.75,121.2,121.25,25-07-1712 A.M.
124.8,126.1,124.0,124.05,124.3,26-07-1712 A.M.
125.0,125.0,122.95,124.0,124.3,27-07-1712 A.M.
122.5,126.85,122.2,124.4,124.45,30-07-1712 A.M.
123.85,124.8,122.4,122.95,122.75,31-07-1712 A.M.
124.05,125.0,123.05,123.4,123.35,01-08-1712 A.M.
123.9,125.0,122.1,123.45,123.35,02-08-1712 A.M.
124.35,124.6,123.5,123.7,123.9,03-08-1712 A.M.
123.0,125.1,123.0,123.75,123.85,06-08-1712 A.M.
124.35,124.5,120.75,122.5,122.3,07-08-1712 A.M.
123.8,125.25,122.8,123.6,123.4,08-08-1712 A.M.
121.45,124.85,121.1,124.0,123.65,09-08-1712 A.M.
121.5,123.4,120.3,121.7,121.55,10-08-1712 A.M.
124.65,124.65,121.55,121.85,121.9,13-08-1712 A.M.
122.95,124.4,122.5,123.8,123.85,14-08-1712 A.M.
122.8,124.2,121.5,122.45,121.95,16-08-1712 A.M.
118.55,121.8,117.5,120.75,120.95,17-08-1712 A.M.
116.0,119.2,115.6,118.8,118.5,21-08-1712 A.M.
117.65,117.65,114.5,115.2,115.1,22-08-1712 A.M.
118.8,118.9,116.85,117.75,117.65,23-08-1712 A.M.
117.8,118.8,116.05,117.45,117.3,24-08-1712 A.M.
120.1,121.8,114.9,115.8,115.65,27-08-1712 A.M.
118.9,121.0,118.3,120.9,120.1,28-08-1712 A.M.
121.7,122.8,115.2,118.4,118.6,29-08-1712 A.M.
123.1,125.3,120.4,120.8,121.3,30-08-1712 A.M.
119.8,119.8,114.25,116.9,117.0,31-08-1712 A.M.
123.0,125.35,117.25,119.8,118.65,03-09-1712 A.M.
124.0,127.1,123.65,125.3,125.4,04-09-1712 A.M.
118.0,122.9,114.95,122.3,121.9,05-09-1712 A.M.
130.0,131.0,126.55,127.95,127.45,06-09-1712 A.M.
127.7,130.4,127.25,128.35,128.0,07-09-1712 A.M.
131.0,132.0,126.0,126.4,126.85,08-09-1712 A.M.
134.1,136.25,130.8,131.5,131.35,10-09-1712 A.M.
138.0,138.0,134.5,134.95,134.95,11-09-1712 A.M.
139.4,140.75,138.3,138.5,138.6,12-09-1712 A.M.
140.65,141.0,139.0,139.2,139.4,13-09-1712 A.M.
138.0,141.3,138.0,139.5,139.95,14-09-1712 A.M.
139.5,141.2,135.65,138.0,137.75,17-09-1712 A.M.
148.0,151.2,144.05,144.5,145.4,18-09-1712 A.M.
149.05,151.75,148.4,149.95,150.0,20-09-1712 A.M.
152.9,156.0,152.0,153.5,154.05,21-09-1712 A.M.
152.45,154.2,151.15,151.95,152.5,24-09-1712 A.M.
155.95,156.65,151.95,152.5,152.35,25-09-1712 A.M.
152.0,157.7,150.85,154.15,154.6,26-09-1712 A.M.
150.95,152.7,150.75,151.4,151.9,27-09-1712 A.M.
153.0,154.25,149.2,150.15,150.25,28-09-1712 A.M.
149.0,154.2,147.4,153.3,153.2,01-10-1712 A.M.
151.45,153.0,145.1,147.5,147.85,03-10-1712 A.M.
151.9,153.95,151.1,152.15,151.65,04-10-1712 A.M.
152.3,154.5,150.6,151.4,151.25,05-10-1712 A.M.
153.95,155.45,148.6,151.25,150.9,08-10-1712 A.M.
141.95,154.4,140.45,152.85,153.3,09-10-1712 A.M.
142.5,143.25,138.75,142.0,141.8,10-10-1712 A.M.
140.95,143.15,139.8,142.45,142.35,11-10-1712 A.M.
136.95,140.9,136.2,139.55,139.6,12-10-1712 A.M.
147.9,148.0,134.35,137.4,137.0,15-10-1712 A.M.
148.1,149.15,145.6,146.85,146.75,16-10-1712 A.M.
140.9,146.4,140.55,146.25,144.55,17-10-1712 A.M.
143.45,144.25,140.0,140.45,140.65,18-10-1712 A.M.
138.9,144.0,138.1,142.25,142.4,19-10-1712 A.M.
139.15,139.95,137.7,138.55,138.9,22-10-1712 A.M.
138.0,140.35,137.6,138.0,138.05,23-10-1712 A.M.
139.7,140.35,137.5,137.65,138.0,25-10-1712 A.M.
139.85,141.3,138.95,139.55,139.9,26-10-1712 A.M.
138.35,141.7,137.85,139.7,139.85,29-10-1712 A.M.
137.35,138.5,136.3,137.0,137.0,30-10-1712 A.M.
135.2,138.2,135.1,137.5,137.45,31-10-1712 A.M.
137.9,138.4,134.95,135.5,135.3,01-11-1712 A.M.
142.2,142.7,138.8,139.5,139.7,02-11-1712 A.M.
142.25,143.5,141.8,142.25,142.2,05-11-1712 A.M.
141.75,144.2,141.3,142.5,142.2,06-11-1712 A.M.
141.9,143.25,141.25,141.7,141.75,07-11-1712 A.M.
141.4,142.6,141.0,141.8,141.6,08-11-1712 A.M.
140.25,143.35,140.0,141.1,141.1,09-11-1712 A.M.
140.1,141.6,140.0,140.1,140.25,12-11-1712 A.M.
139.65,140.75,138.75,140.1,140.2,13-11-1712 A.M.
140.55,141.15,137.8,139.05,139.0,15-11-1712 A.M.
141.0,141.7,138.9,139.8,139.9,16-11-1712 A.M.
143.4,145.5,140.1,140.6,140.45,19-11-1712 A.M.
140.4,142.45,139.8,140.2,140.25,20-11-1712 A.M.
138.7,141.0,138.4,139.9,139.6,21-11-1712 A.M.
142.0,142.05,138.0,138.4,138.4,22-11-1712 A.M.
139.85,141.85,138.75,141.05,141.25,23-11-1712 A.M.
138.45,139.55,137.85,138.75,138.85,26-11-1712 A.M.
138.8,139.4,137.15,137.7,137.65,27-11-1712 A.M.
136.9,139.1,136.1,137.65,138.05,29-11-1712 A.M.
137.8,139.45,136.0,136.75,136.95,30-11-1712 A.M.
137.5,139.25,135.75,137.9,137.3,03-12-1712 A.M.
144.25,144.5,137.25,137.45,137.75,04-12-1712 A.M.
143.9,147.0,139.15,142.7,143.25,05-12-1712 A.M.
138.55,143.5,138.4,142.7,142.9,06-12-1712 A.M.
138.5,140.65,138.5,139.45,139.1,07-12-1712 A.M.
136.0,139.4,135.5,138.15,138.3,10-12-1712 A.M.
138.4,140.05,135.1,135.6,135.75,11-12-1712 A.M.
141.0,141.8,138.1,138.4,138.4,12-12-1712 A.M.
143.0,144.85,138.25,141.0,141.0,13-12-1712 A.M.
140.9,144.7,139.2,142.5,142.15,14-12-1712 A.M.
138.0,142.25,136.55,140.1,140.15,17-12-1712 A.M.
131.45,138.75,131.45,137.65,137.45,18-12-1712 A.M.
133.45,134.55,130.55,131.2,131.15,19-12-1712 A.M.
131.75,134.0,131.2,133.25,133.45,20-12-1712 A.M.
131.9,132.9,131.2,131.3,131.5,21-12-1712 A.M.
134.8,134.8,131.15,131.55,131.8,24-12-1712 A.M.
130.35,134.8,130.35,133.9,133.85,26-12-1712 A.M.
131.5,131.5,128.8,130.95,130.05,27-12-1712 A.M.
133.0,133.45,129.15,129.55,129.95,28-12-1712 A.M.
134.0,134.5,132.25,132.6,132.6,31-12-1712 A.M.
132.9,133.3,131.6,132.9,132.6,01-01-1713 A.M.
132.9,133.8,131.1,132.2,132.15,02-01-1713 A.M.
133.45,135.15,132.5,132.75,132.9,03-01-1713 A.M.
134.0,135.0,132.7,133.1,133.1,04-01-1713 A.M.
134.45,134.6,131.45,132.55,132.6,07-01-1713 A.M.
133.5,136.4,133.45,134.4,134.45,08-01-1713 A.M.
134.25,136.15,133.2,133.75,133.9,09-01-1713 A.M.
135.6,135.8,133.8,134.5,134.1,10-01-1713 A.M.
132.0,136.75,131.5,134.25,134.9,11-01-1713 A.M.
130.5,131.95,129.45,131.6,131.2,14-01-1713 A.M.
128.15,130.9,128.1,129.55,129.7,15-01-1713 A.M.
127.5,128.6,126.75,128.25,127.85,16-01-1713 A.M.
124.75,126.4,124.3,125.95,125.95,17-01-1713 A.M.
120.5,124.85,117.1,123.4,124.25,18-01-1713 A.M.
127.5,128.15,125.6,126.4,126.75,21-01-1713 A.M.
125.6,128.65,124.7,127.0,127.25,22-01-1713 A.M.
126.3,126.8,125.1,125.15,125.45,23-01-1713 A.M.
124.55,127.15,124.55,126.0,126.15,24-01-1713 A.M.
126.5,128.35,124.7,125.4,125.7,25-01-1713 A.M.
126.9,128.55,123.8,125.8,126.1,28-01-1713 A.M.
127.25,128.15,126.6,126.75,127.0,29-01-1713 A.M.
129.4,129.5,126.0,126.35,126.5,30-01-1713 A.M.
122.0,129.0,122.0,127.9,128.15,31-01-1713 A.M.
125.3,126.0,122.7,123.75,123.65,01-02-1713 A.M.
127.3,127.45,124.6,125.05,124.95,04-02-1713 A.M.
119.3,126.5,118.9,126.0,124.4,05-02-1713 A.M.
119.4,120.35,118.85,119.7,119.35,06-02-1713 A.M.
120.35,121.2,118.6,119.35,119.3,07-02-1713 A.M.
120.95,122.1,119.7,120.35,120.2,08-02-1713 A.M.
118.5,119.8,117.65,119.65,119.25,11-02-1713 A.M.
118.2,119.45,117.85,117.9,118.05,12-02-1713 A.M.
117.8,119.1,117.55,118.1,117.75,13-02-1713 A.M.
118.0,119.65,117.3,117.9,117.95,14-02-1713 A.M.
118.1,119.4,116.85,117.05,117.3,15-02-1713 A.M.
120.0,120.25,118.15,118.35,118.6,18-02-1713 A.M.
120.0,121.0,119.15,119.5,119.5,19-02-1713 A.M.
121.7,122.2,119.7,121.7,121.75,20-02-1713 A.M.
120.5,124.1,119.7,120.5,120.4,21-02-1713 A.M.
119.9,121.15,119.5,120.1,120.05,22-02-1713 A.M.
120.0,122.0,118.95,119.8,119.95,25-02-1713 A.M.
120.0,121.75,119.55,120.65,120.95,26-02-1713 A.M.
121.0,121.4,119.6,120.5,120.35,27-02-1713 A.M.
119.55,121.0,118.45,120.75,120.65,28-02-1713 A.M.
118.0,120.7,118.0,119.5,119.55,01-03-1713 A.M.
117.75,119.2,117.25,119.0,118.95,04-03-1713 A.M.
117.0,118.25,116.3,117.5,117.3,05-03-1713 A.M.
119.0,119.95,118.0,118.4,118.2,06-03-1713 A.M.
118.9,120.4,117.45,118.6,118.75,07-03-1713 A.M.
116.55,119.5,115.8,118.7,118.1,08-03-1713 A.M.
117.0,117.8,115.3,117.0,116.35,11-03-1713 A.M.
119.8,119.8,116.3,116.65,116.95,12-03-1713 A.M.
121.6,122.55,119.15,119.2,119.45,13-03-1713 A.M.
119.35,121.8,119.0,121.7,121.1,14-03-1713 A.M.
121.0,121.05,119.0,120.1,120.05,15-03-1713 A.M.
122.5,123.5,120.0,120.4,120.3,18-03-1713 A.M.
122.5,123.95,121.95,122.4,122.4,19-03-1713 A.M.
120.6,122.5,120.6,121.55,121.8,20-03-1713 A.M.
120.4,121.9,120.0,120.9,121.2,21-03-1713 A.M.
119.0,121.85,119.0,120.3,120.25,22-03-1713 A.M.
122.4,122.75,119.55,120.1,120.1,25-03-1713 A.M.
120.2,123.2,119.55,121.8,121.85,26-03-1713 A.M.
120.85,121.0,119.1,120.4,120.0,28-03-1713 A.M.
119.05,121.35,118.95,120.5,120.65,01-04-1713 A.M.
119.5,120.1,118.05,118.6,118.35,02-04-1713 A.M.
118.0,120.25,117.85,119.35,119.5,03-04-1713 A.M.
118.5,119.0,117.0,117.6,117.7,04-04-1713 A.M.
118.1,120.4,118.1,118.4,118.7,05-04-1713 A.M.
119.6,120.0,115.0,118.35,118.85,08-04-1713 A.M.
121.0,121.15,118.0,118.2,118.25,09-04-1713 A.M.
122.85,123.45,120.75,120.85,121.2,10-04-1713 A.M.
122.0,124.2,120.2,122.15,122.55,11-04-1713 A.M.
122.0,122.3,120.3,121.2,121.25,12-04-1713 A.M.
119.9,125.0,119.5,121.45,121.4,15-04-1713 A.M.
119.1,120.4,118.4,119.0,119.3,16-04-1713 A.M.
120.0,121.0,118.5,119.05,119.4,17-04-1713 A.M.
121.6,122.15,118.65,119.5,119.45,18-04-1713 A.M.
121.05,123.3,120.45,121.5,121.4,22-04-1713 A.M.
119.2,120.9,118.75,119.7,119.9,23-04-1713 A.M.
116.5,119.65,115.95,118.6,118.9,25-04-1713 A.M.
116.0,116.95,115.0,116.0,115.8,26-04-1713 A.M.
115.7,116.1,114.1,115.25,115.1,29-04-1713 A.M.
116.0,116.4,115.0,115.7,115.45,30-04-1713 A.M.
116.05,117.35,113.9,115.5,115.65,02-05-1713 A.M.
116.55,117.6,115.05,115.95,115.85,03-05-1713 A.M.
117.8,118.1,115.4,116.9,116.45,06-05-1713 A.M.
115.65,117.5,114.55,116.7,116.85,07-05-1713 A.M.
114.3,116.4,113.1,115.6,115.65,08-05-1713 A.M.
110.0,113.9,109.15,113.75,113.25,09-05-1713 A.M.
110.5,111.25,107.95,109.85,109.5,10-05-1713 A.M.
110.0,112.75,109.45,109.6,109.9,11-05-1713 A.M.
104.2,109.5,104.2,109.0,108.9,13-05-1713 A.M.
105.0,107.1,101.6,103.8,103.55,14-05-1713 A.M.
107.95,108.5,103.8,104.8,104.75,15-05-1713 A.M.
107.8,108.05,102.5,107.2,106.2,16-05-1713 A.M.
106.2,108.3,105.0,106.8,106.7,17-05-1713 A.M.
109.0,109.5,105.1,106.5,106.65,20-05-1713 A.M.
107.3,109.85,107.0,109.0,109.1,21-05-1713 A.M.
105.0,108.2,104.25,107.25,107.3,22-05-1713 A.M.
105.4,106.5,102.5,105.0,104.55,23-05-1713 A.M.
103.0,104.6,101.1,104.35,104.0,24-05-1713 A.M.
107.7,108.9,102.2,102.6,102.65,27-05-1713 A.M.
105.1,108.45,105.1,105.9,106.0,28-05-1713 A.M.
103.25,106.4,100.0,104.45,104.3,29-05-1713 A.M.
112.7,115.8,102.4,107.0,105.25,30-05-1713 A.M.
120.5,121.0,116.45,118.65,118.35,31-05-1713 A.M.
123.0,124.4,120.1,121.25,120.75,03-06-1713 A.M.
123.05,126.1,122.5,123.85,123.9,04-06-1713 A.M.
121.9,123.95,121.45,123.5,122.5,05-06-1713 A.M.
123.1,123.4,120.4,122.5,121.6,06-06-1713 A.M.
123.05,124.8,121.0,121.65,121.75,07-06-1713 A.M.
127.4,127.7,123.55,124.1,124.25,10-06-1713 A.M.
126.8,128.3,125.2,126.6,126.6,11-06-1713 A.M.
124.1,127.45,123.35,126.75,126.5,12-06-1713 A.M.
124.95,125.4,122.6,123.2,123.15,13-06-1713 A.M.
124.95,125.95,123.3,124.45,124.45,14-06-1713 A.M.
125.85,127.0,123.4,124.15,124.3,17-06-1713 A.M.
123.85,126.9,121.95,125.3,125.55,18-06-1713 A.M.
123.05,124.55,119.5,121.55,121.75,19-06-1713 A.M.
124.6,124.6,120.5,122.8,122.55,20-06-1713 A.M.
122.95,127.0,121.55,126.45,126.4,21-06-1713 A.M.
128.0,129.0,121.05,122.0,121.85,24-06-1713 A.M.
135.0,135.4,127.5,127.65,128.5,25-06-1713 A.M.
132.1,136.25,131.15,133.9,134.05,26-06-1713 A.M.
141.75,141.95,130.3,135.4,135.6,27-06-1713 A.M.
142.4,143.45,138.05,139.9,139.5,28-06-1713 A.M.
143.2,144.0,140.95,141.6,141.9,01-07-1713 A.M.
140.65,146.75,140.1,144.1,144.45,02-07-1713 A.M.
144.1,144.7,139.0,139.5,140.05,03-07-1713 A.M.
147.1,149.8,144.5,145.2,145.25,04-07-1713 A.M.
144.0,149.5,142.2,148.65,148.35,05-07-1713 A.M.
145.9,147.2,142.25,143.0,143.7,08-07-1713 A.M.
146.05,148.8,145.5,146.4,146.4,09-07-1713 A.M.
147.0,148.0,144.2,146.5,146.2,10-07-1713 A.M.
142.5,147.4,141.5,146.25,146.35,11-07-1713 A.M.
144.4,144.4,141.2,141.9,141.9,12-07-1713 A.M.
144.9,145.25,143.45,143.85,144.05,15-07-1713 A.M.
143.0,146.45,142.0,144.6,144.8,16-07-1713 A.M.
142.0,142.8,141.05,142.15,142.0,17-07-1713 A.M.
143.6,144.0,140.3,141.0,141.2,18-07-1713 A.M.
141.55,144.3,141.3,142.95,142.9,19-07-1713 A.M.
142.45,144.0,141.0,142.2,141.9,22-07-1713 A.M.
137.6,142.8,136.3,142.35,142.2,23-07-1713 A.M.
134.4,138.85,134.15,137.2,136.55,24-07-1713 A.M.
134.85,134.85,132.75,134.0,133.85,25-07-1713 A.M.
131.9,135.0,131.65,134.2,134.35,26-07-1713 A.M.
135.3,135.8,131.2,133.5,133.2,29-07-1713 A.M.
132.15,135.8,131.9,135.0,135.3,30-07-1713 A.M.
135.15,136.3,130.4,132.2,132.15,31-07-1713 A.M.
134.95,138.5,134.5,134.6,135.0,01-08-1713 A.M.
134.1,135.8,134.1,135.2,135.35,02-08-1713 A.M.
134.0,135.0,132.75,133.6,133.65,05-08-1713 A.M.
136.1,136.8,134.2,134.9,134.9,06-08-1713 A.M.
136.4,137.8,135.0,135.95,136.2,07-08-1713 A.M.
138.05,139.1,135.0,135.85,136.25,08-08-1713 A.M.
138.0,138.1,135.9,137.55,137.55,12-08-1713 A.M.
134.9,138.4,134.9,136.95,136.95,13-08-1713 A.M.
134.6,136.25,134.15,136.0,134.95,14-08-1713 A.M.
133.0,135.7,132.5,134.65,134.35,16-08-1713 A.M.
134.8,135.0,131.25,133.15,132.95,19-08-1713 A.M.
131.05,136.0,131.05,134.25,133.8,20-08-1713 A.M.
129.6,131.4,129.25,131.25,130.9,21-08-1713 A.M.
133.65,133.65,128.1,128.2,128.75,22-08-1713 A.M.
129.7,134.0,128.3,133.95,132.5,23-08-1713 A.M.
127.8,129.4,126.5,128.0,128.15,26-08-1713 A.M.
128.0,129.0,126.25,127.75,128.0,27-08-1713 A.M.
126.7,130.0,126.7,128.2,127.9,28-08-1713 A.M.
127.3,128.45,125.3,125.7,125.7,29-08-1713 A.M.
124.9,129.45,123.0,129.15,128.8,30-08-1713 A.M.
126.8,128.25,124.75,125.85,125.85,02-09-1713 A.M.
131.75,132.6,127.5,127.5,128.0,03-09-1713 A.M.
132.0,133.5,131.4,131.85,131.75,04-09-1713 A.M.
133.3,134.15,130.8,131.5,131.75,05-09-1713 A.M.
134.0,135.0,130.95,132.6,132.65,06-09-1713 A.M.
137.0,137.25,131.0,134.4,133.45,10-09-1713 A.M.
135.9,138.5,134.8,136.05,135.9,11-09-1713 A.M.
135.8,136.95,135.0,135.75,135.6,12-09-1713 A.M.
138.7,139.1,135.1,135.55,135.8,13-09-1713 A.M.
138.4,140.2,137.2,138.9,138.9,16-09-1713 A.M.
138.7,140.0,136.85,138.0,137.8,17-09-1713 A.M.
139.7,139.7,135.6,137.45,137.55,18-09-1713 A.M.
134.7,141.9,134.65,139.0,139.4,19-09-1713 A.M.
133.6,135.1,133.25,134.45,134.7,20-09-1713 A.M.
135.0,135.2,132.6,133.65,134.0,23-09-1713 A.M.
134.2,135.0,133.2,134.3,134.7,24-09-1713 A.M.
133.0,135.0,132.4,134.2,134.0,25-09-1713 A.M.
134.55,134.7,131.7,132.05,132.3,26-09-1713 A.M.
135.0,136.0,133.9,134.5,134.55,27-09-1713 A.M.
134.0,135.35,133.35,134.6,134.7,30-09-1713 A.M.
134.9,134.9,131.85,133.8,133.35,01-10-1713 A.M.
132.1,133.95,131.6,132.6,133.05,03-10-1713 A.M.
132.5,132.55,129.6,130.8,130.55,04-10-1713 A.M.
131.45,132.45,130.1,131.85,131.85,07-10-1713 A.M.
128.95,131.2,127.4,129.85,130.05,08-10-1713 A.M.
127.4,129.4,126.65,127.65,127.8,09-10-1713 A.M.
126.5,127.6,123.1,126.0,126.6,10-10-1713 A.M.
125.0,128.0,123.8,127.1,127.1,11-10-1713 A.M.
124.8,125.95,123.65,124.0,124.2,14-10-1713 A.M.
123.35,125.35,122.25,124.95,125.0,15-10-1713 A.M.
126.2,127.0,122.9,124.0,123.9,17-10-1713 A.M.
123.05,126.2,123.05,125.3,125.5,18-10-1713 A.M.
124.0,126.0,122.9,125.3,125.45,21-10-1713 A.M.
126.95,126.95,122.15,123.0,123.1,22-10-1713 A.M.
124.05,126.45,124.05,125.0,125.4,23-10-1713 A.M.
124.1,124.5,121.65,124.1,124.05,24-10-1713 A.M.
124.8,125.3,122.7,122.95,123.25,25-10-1713 A.M.
122.0,124.6,120.0,123.35,123.75,28-10-1713 A.M.
122.1,124.5,121.55,123.2,123.65,29-10-1713 A.M.
121.4,122.1,117.0,120.7,120.95,30-10-1713 A.M.
121.6,122.45,118.35,119.9,120.45,31-10-1713 A.M.
124.55,124.55,116.75,120.75,120.2,01-11-1713 A.M.
120.75,125.0,119.0,124.6,124.15,03-11-1713 A.M.
116.1,119.35,115.5,118.65,118.85,05-11-1713 A.M.
118.75,118.75,114.05,115.05,115.2,06-11-1713 A.M.
117.8,120.15,116.85,119.7,119.6,07-11-1713 A.M.
118.35,120.4,117.0,117.85,118.15,08-11-1713 A.M.
119.25,119.45,115.9,116.3,116.35,11-11-1713 A.M.
117.95,119.8,115.15,116.7,117.3,12-11-1713 A.M.
116.1,119.4,108.55,117.75,117.55,13-11-1713 A.M.
128.9,128.9,112.5,115.5,114.85,14-11-1713 A.M.
131.5,132.2,127.0,130.0,130.4,18-11-1713 A.M.
133.3,135.0,131.75,132.5,132.9,19-11-1713 A.M.
134.5,134.8,131.5,132.75,133.8,20-11-1713 A.M.
134.2,136.4,132.55,134.35,134.15,21-11-1713 A.M.
132.5,132.9,130.7,131.3,131.0,22-11-1713 A.M.
131.2,133.7,129.75,132.2,132.1,25-11-1713 A.M.
134.5,134.75,129.4,130.1,130.0,26-11-1713 A.M.
137.7,137.7,132.1,132.8,133.05,27-11-1713 A.M.
139.2,140.8,136.2,136.8,137.7,28-11-1713 A.M.
142.0,142.65,138.25,138.85,138.95,29-11-1713 A.M.
142.95,145.0,141.6,141.75,141.95,02-12-1713 A.M.
142.0,147.3,141.0,143.5,143.75,03-12-1713 A.M.
144.2,144.65,141.8,142.2,142.15,04-12-1713 A.M.
143.4,144.75,141.0,143.05,143.3,05-12-1713 A.M.
141.4,143.85,140.25,140.8,140.85,06-12-1713 A.M.
136.0,142.8,135.35,140.0,140.2,09-12-1713 A.M.
137.7,137.7,135.5,137.15,137.15,10-12-1713 A.M.
138.15,138.9,137.25,138.75,138.65,11-12-1713 A.M.
137.8,138.5,136.15,137.25,137.45,12-12-1713 A.M.
140.6,140.6,136.75,137.3,137.55,13-12-1713 A.M.
140.85,142.3,140.1,140.25,140.8,16-12-1713 A.M.
139.95,142.2,139.4,140.85,140.85,17-12-1713 A.M.
137.0,140.0,134.5,139.5,139.5,18-12-1713 A.M.
140.1,141.9,136.9,137.25,137.5,19-12-1713 A.M.
138.2,142.55,138.2,141.45,141.75,20-12-1713 A.M.
138.9,140.0,137.25,138.75,139.0,23-12-1713 A.M.
138.95,138.95,136.6,138.05,138.0,24-12-1713 A.M.
137.5,139.5,136.6,138.5,138.15,26-12-1713 A.M.
137.0,138.2,135.75,137.1,137.05,27-12-1713 A.M.
134.9,137.8,134.25,136.8,136.8,30-12-1713 A.M.
134.8,135.6,133.8,134.7,134.55,31-12-1713 A.M.
134.9,135.7,133.2,134.45,133.95,01-01-1714 A.M.
136.1,138.0,134.2,134.65,134.9,02-01-1714 A.M.
135.6,141.65,135.1,138.05,138.2,03-01-1714 A.M.
133.1,135.6,132.2,134.9,135.0,06-01-1714 A.M.
137.5,138.6,135.25,135.8,136.1,07-01-1714 A.M.
135.45,138.05,135.1,136.9,137.1,08-01-1714 A.M.
132.5,136.1,131.3,134.95,135.55,09-01-1714 A.M.
129.75,132.75,129.15,132.0,132.2,10-01-1714 A.M.
132.0,132.0,128.2,129.6,129.55,13-01-1714 A.M.
133.2,135.0,132.3,133.55,133.85,14-01-1714 A.M.
132.9,136.4,132.6,136.0,135.7,15-01-1714 A.M.
133.35,135.25,132.5,133.0,133.2,16-01-1714 A.M.
135.6,135.9,133.0,134.0,133.85,17-01-1714 A.M.
133.75,136.45,133.7,134.9,135.0,20-01-1714 A.M.
133.2,136.2,132.65,134.05,133.75,21-01-1714 A.M.
132.95,133.9,132.3,133.2,132.6,22-01-1714 A.M.
129.3,134.15,128.85,132.15,132.35,23-01-1714 A.M.
128.95,129.5,126.8,129.15,128.7,24-01-1714 A.M.
127.85,130.9,127.1,128.5,129.1,27-01-1714 A.M.
133.6,134.45,125.7,127.9,128.15,28-01-1714 A.M.
137.0,137.75,133.6,133.9,134.4,29-01-1714 A.M.
137.6,138.7,136.0,136.4,136.6,30-01-1714 A.M.
135.0,138.9,134.0,137.2,137.55,31-01-1714 A.M.
138.8,138.8,134.0,134.9,134.85,03-02-1714 A.M.
137.9,139.7,136.85,138.2,138.5,04-02-1714 A.M.
137.65,138.6,136.0,138.05,137.75,05-02-1714 A.M.
140.6,141.2,136.5,137.0,137.35,06-02-1714 A.M.
145.0,145.75,140.0,140.05,140.8,07-02-1714 A.M.
145.3,146.4,144.8,145.05,145.15,10-02-1714 A.M.
143.05,146.65,143.05,146.1,146.25,11-02-1714 A.M.
149.4,150.3,143.0,144.6,144.9,12-02-1714 A.M.
147.4,150.0,147.4,148.95,148.7,13-02-1714 A.M.
146.8,149.7,146.8,148.5,148.8,14-02-1714 A.M.
147.5,149.45,146.75,146.75,147.45,17-02-1714 A.M.
147.0,149.15,146.55,147.8,147.95,18-02-1714 A.M.
146.15,147.5,145.05,146.85,146.65,19-02-1714 A.M.
147.45,148.75,144.55,146.05,145.95,20-02-1714 A.M.
147.8,149.25,146.8,147.45,147.55,21-02-1714 A.M.
147.75,150.45,147.65,147.95,147.95,24-02-1714 A.M.
146.85,148.5,145.45,146.1,147.4,25-02-1714 A.M.
145.05,146.9,143.65,146.45,146.3,26-02-1714 A.M.
143.15,145.9,143.05,144.25,144.55,28-02-1714 A.M.
143.3,145.5,139.4,142.65,142.85,03-03-1714 A.M.
141.4,143.9,140.55,143.1,143.35,04-03-1714 A.M.
139.0,141.85,138.3,140.95,141.05,05-03-1714 A.M.
139.0,140.45,136.6,137.65,137.75,06-03-1714 A.M.
144.25,144.95,138.75,139.9,139.8,07-03-1714 A.M.
143.85,145.9,143.5,144.6,144.55,10-03-1714 A.M.
143.4,144.9,142.55,143.45,143.55,11-03-1714 A.M.
142.25,143.15,140.4,142.8,142.1,12-03-1714 A.M.
142.25,143.35,141.5,142.4,142.55,13-03-1714 A.M.
141.6,144.15,141.0,141.9,141.95,14-03-1714 A.M.
147.65,148.15,141.4,141.8,142.15,18-03-1714 A.M.
150.65,150.65,146.2,146.7,147.25,19-03-1714 A.M.
151.0,152.5,149.9,150.0,150.2,20-03-1714 A.M.
150.9,151.75,145.85,148.85,149.65,21-03-1714 A.M.
152.9,154.65,149.65,150.2,150.2,22-03-1714 A.M.
157.3,157.75,151.2,152.9,153.25,24-03-1714 A.M.
159.25,161.2,157.0,157.25,157.55,25-03-1714 A.M.
158.9,160.25,156.05,159.35,159.3,26-03-1714 A.M.
161.45,163.5,157.85,158.65,158.95,27-03-1714 A.M.
161.65,162.75,158.6,160.55,161.5,28-03-1714 A.M.
152.7,162.5,152.05,160.9,161.2,31-03-1714 A.M.
152.35,153.0,151.0,151.95,152.05,01-04-1714 A.M.
151.8,153.7,150.8,151.9,151.6,02-04-1714 A.M.
152.4,152.4,149.9,151.25,151.1,03-04-1714 A.M.
151.95,152.1,149.8,152.1,151.45,04-04-1714 A.M.
148.8,151.95,148.8,151.0,151.1,07-04-1714 A.M.
150.25,151.2,148.3,148.85,148.8,09-04-1714 A.M.
147.1,150.25,146.55,150.25,149.75,10-04-1714 A.M.
148.45,149.2,142.7,145.75,145.75,11-04-1714 A.M.
148.05,149.55,146.5,147.25,147.3,15-04-1714 A.M.
148.0,149.4,147.75,149.0,149.0,16-04-1714 A.M.
147.35,148.95,146.2,148.5,147.95,17-04-1714 A.M.
149.8,150.55,146.9,147.0,147.2,21-04-1714 A.M.
153.75,153.75,149.0,149.75,149.95,22-04-1714 A.M.
156.65,157.35,152.7,153.1,153.85,23-04-1714 A.M.
156.9,158.25,155.4,155.8,155.85,25-04-1714 A.M.
155.25,157.3,155.25,156.5,156.7,28-04-1714 A.M.
154.95,155.65,152.85,155.0,154.75,29-04-1714 A.M.
160.95,161.1,153.55,155.25,154.85,30-04-1714 A.M.
158.5,161.4,157.85,160.2,160.0,02-05-1714 A.M.
157.35,159.5,156.7,157.5,157.85,05-05-1714 A.M.
159.65,161.0,155.8,157.75,157.25,06-05-1714 A.M.
159.05,162.85,157.25,158.8,159.05,07-05-1714 A.M.
157.9,161.4,156.1,159.35,159.3,08-05-1714 A.M.
164.0,164.35,157.0,157.2,158.35,09-05-1714 A.M.
158.5,164.9,157.15,163.2,163.55,12-05-1714 A.M.
155.5,158.9,155.0,158.5,158.35,13-05-1714 A.M.
156.75,157.0,152.8,155.3,154.9,14-05-1714 A.M.
153.4,156.55,153.15,156.45,156.05,15-05-1714 A.M.
153.9,154.5,151.9,153.5,152.55,16-05-1714 A.M.
155.55,156.25,153.1,153.9,153.5,19-05-1714 A.M.
156.0,157.3,153.6,154.9,155.55,20-05-1714 A.M.
160.95,161.5,155.3,155.5,155.95,21-05-1714 A.M.
157.75,162.25,156.6,159.8,159.7,22-05-1714 A.M.
157.4,158.5,154.45,157.25,157.0,23-05-1714 A.M.
155.5,158.0,155.05,156.6,156.85,26-05-1714 A.M.
157.85,157.95,154.75,155.3,155.15,27-05-1714 A.M.
155.65,158.95,154.85,157.3,157.4,28-05-1714 A.M.
154.95,156.8,153.2,155.5,155.2,29-05-1714 A.M.
151.2,154.7,151.2,154.65,154.35,30-05-1714 A.M.
148.9,153.15,148.0,151.8,151.55,02-06-1714 A.M.
151.5,152.9,148.7,149.35,149.55,03-06-1714 A.M.
154.4,154.7,151.55,153.0,152.4,04-06-1714 A.M.
159.25,159.8,153.5,154.2,154.75,05-06-1714 A.M.
160.7,163.1,157.65,158.4,158.55,06-06-1714 A.M.
164.0,164.5,159.2,160.0,160.45,09-06-1714 A.M.
157.9,167.75,157.75,163.45,163.6,10-06-1714 A.M.
158.95,162.4,154.05,159.75,158.7,11-06-1714 A.M.
158.95,160.75,157.3,157.9,158.25,12-06-1714 A.M.
158.8,159.9,157.65,158.45,158.75,13-06-1714 A.M.
161.0,162.0,158.6,159.3,159.4,16-06-1714 A.M.
159.15,162.15,156.9,160.5,161.15,17-06-1714 A.M.
157.1,160.6,157.1,159.05,158.85,18-06-1714 A.M.
157.4,159.4,156.65,158.0,158.0,19-06-1714 A.M.
156.8,157.45,155.6,156.8,156.35,20-06-1714 A.M.
154.3,157.8,154.3,156.4,156.55,23-06-1714 A.M.
155.0,155.75,153.75,154.75,154.3,24-06-1714 A.M.
156.6,157.6,154.05,155.15,155.65,25-06-1714 A.M.
155.05,157.0,153.8,154.85,154.85,26-06-1714 A.M.
157.55,157.9,154.2,155.4,155.25,27-06-1714 A.M.
156.35,158.7,155.2,156.85,157.35,30-06-1714 A.M.
154.5,157.7,153.3,155.1,155.6,01-07-1714 A.M.
149.9,154.5,149.5,154.0,153.7,02-07-1714 A.M.
147.2,149.2,146.0,148.55,148.45,03-07-1714 A.M.
151.95,151.95,147.0,148.55,148.15,04-07-1714 A.M.
151.65,154.5,151.65,153.15,152.95,07-07-1714 A.M.
150.9,153.2,150.55,153.0,152.5,08-07-1714 A.M.
150.95,151.75,150.35,150.5,150.7,09-07-1714 A.M.
148.8,151.85,148.65,150.8,150.95,10-07-1714 A.M.
148.8,149.6,148.1,149.0,149.05,11-07-1714 A.M.
147.15,149.9,147.15,148.6,148.65,14-07-1714 A.M.
147.15,148.0,145.6,146.6,146.85,15-07-1714 A.M.
148.95,149.9,146.1,146.95,146.9,16-07-1714 A.M.
147.8,149.05,146.75,148.7,148.3,17-07-1714 A.M.
147.55,148.25,145.6,147.7,147.5,18-07-1714 A.M.
148.5,149.7,146.55,147.35,147.4,21-07-1714 A.M.
146.45,149.0,146.35,147.6,147.5,22-07-1714 A.M.
144.3,145.85,137.05,145.25,145.0,23-07-1714 A.M.
150.7,152.2,143.3,144.55,144.25,24-07-1714 A.M.
152.1,154.2,151.4,151.5,151.6,25-07-1714 A.M.
155.2,157.0,152.5,152.8,152.95,28-07-1714 A.M.
156.0,157.2,154.4,155.35,155.65,30-07-1714 A.M.
154.0,157.4,154.0,156.05,156.0,31-07-1714 A.M.
158.75,158.85,154.1,154.7,154.85,01-08-1714 A.M.
160.95,161.45,157.7,158.15,158.3,04-08-1714 A.M.
163.5,164.8,160.65,160.65,161.1,05-08-1714 A.M.
163.7,164.2,161.4,163.15,163.4,06-08-1714 A.M.
164.9,165.9,162.75,162.95,163.25,07-08-1714 A.M.
159.7,164.25,157.2,164.0,163.35,08-08-1714 A.M.
161.85,162.9,159.25,159.6,159.55,11-08-1714 A.M.
162.25,163.9,159.65,161.2,161.3,12-08-1714 A.M.
159.5,162.4,155.7,161.7,161.0,13-08-1714 A.M.
154.05,155.8,153.25,154.9,155.3,14-08-1714 A.M.
157.2,157.55,152.5,154.2,154.2,18-08-1714 A.M.
157.0,158.3,155.75,156.6,156.95,19-08-1714 A.M.
157.2,158.9,156.1,156.75,156.75,20-08-1714 A.M.
157.1,158.1,154.6,156.95,156.95,21-08-1714 A.M.
160.2,163.35,157.25,157.55,157.85,22-08-1714 A.M.
160.5,161.35,158.6,159.45,159.4,25-08-1714 A.M.
154.35,161.9,154.35,159.95,159.9,26-08-1714 A.M.
154.95,156.15,153.65,155.25,155.25,27-08-1714 A.M.
156.7,156.95,154.0,154.25,154.2,28-08-1714 A.M.
158.85,158.85,155.3,155.5,155.85,01-09-1714 A.M.
158.7,159.65,157.4,158.0,158.25,02-09-1714 A.M.
161.05,162.6,157.25,157.65,157.75,03-09-1714 A.M.
157.9,161.5,157.0,160.75,160.9,04-09-1714 A.M.
164.8,165.0,160.45,161.35,161.65,05-09-1714 A.M.
161.0,164.2,160.1,163.3,163.75,08-09-1714 A.M.
158.9,161.2,158.05,160.15,160.1,09-09-1714 A.M.
157.15,158.95,156.9,157.25,157.45,10-09-1714 A.M.
157.0,158.25,156.6,157.4,157.3,11-09-1714 A.M.
156.75,157.55,156.05,156.35,156.35,12-09-1714 A.M.
159.25,159.25,155.95,156.45,156.3,15-09-1714 A.M.
157.6,159.0,157.1,158.15,158.35,16-09-1714 A.M.
156.8,157.5,155.5,156.3,156.5,17-09-1714 A.M.
154.1,156.35,153.4,155.75,155.55,18-09-1714 A.M.
154.55,155.65,153.35,155.0,154.7,19-09-1714 A.M.
152.75,153.9,150.8,153.25,153.35,22-09-1714 A.M.
156.05,158.25,151.05,152.35,152.35,23-09-1714 A.M.
158.4,159.3,156.0,156.0,156.4,24-09-1714 A.M.
159.6,160.0,157.05,157.4,157.5,25-09-1714 A.M.
160.65,163.9,158.7,159.85,160.25,26-09-1714 A.M.
160.45,163.35,160.45,161.15,161.25,29-09-1714 A.M.
158.0,161.0,157.75,160.1,160.25,30-09-1714 A.M.
158.25,161.65,158.0,159.3,158.8,01-10-1714 A.M.
160.0,162.0,158.4,158.7,158.85,07-10-1714 A.M.
159.1,162.4,157.6,159.4,159.35,08-10-1714 A.M.
160.0,161.9,158.3,159.0,159.0,09-10-1714 A.M.
159.0,161.95,154.45,160.1,159.65,10-10-1714 A.M.
165.4,165.65,159.1,161.2,160.3,13-10-1714 A.M.
165.2,166.75,161.8,165.0,164.75,14-10-1714 A.M.
170.2,171.8,163.65,164.9,164.45,16-10-1714 A.M.
168.0,172.0,167.05,169.5,170.6,17-10-1714 A.M.
165.7,172.9,164.1,168.95,168.6,20-10-1714 A.M.
160.05,165.7,160.05,164.65,164.85,21-10-1714 A.M.
160.7,162.7,156.9,161.1,161.6,22-10-1714 A.M.
167.05,167.6,158.0,159.8,159.45,23-10-1714 A.M.
169.0,170.85,166.35,166.7,167.2,27-10-1714 A.M.
168.0,171.35,166.4,168.9,169.55,28-10-1714 A.M.
162.85,169.85,161.0,167.5,167.4,29-10-1714 A.M.
163.5,165.0,160.5,162.35,162.55,30-10-1714 A.M.
165.1,166.25,162.6,164.7,165.2,31-10-1714 A.M.
163.05,166.5,162.5,164.35,164.6,03-11-1714 A.M.
163.8,164.5,160.05,161.9,162.25,05-11-1714 A.M.
154.0,163.9,154.0,163.6,162.2,07-11-1714 A.M.
156.8,156.8,153.55,154.2,154.25,10-11-1714 A.M.
153.0,156.85,153.0,155.3,155.4,11-11-1714 A.M.
151.1,154.35,151.1,153.75,153.9,12-11-1714 A.M.
153.4,154.0,150.0,150.95,150.5,13-11-1714 A.M.
153.35,154.85,152.5,153.05,153.1,14-11-1714 A.M.
154.4,155.5,151.35,153.0,152.95,17-11-1714 A.M.
155.5,157.8,155.0,155.5,155.45,18-11-1714 A.M.
158.5,158.5,155.0,156.0,155.45,19-11-1714 A.M.
158.5,160.4,156.2,157.45,157.1,20-11-1714 A.M.
156.55,159.5,156.25,158.0,158.5,21-11-1714 A.M.
155.35,157.7,154.9,156.1,156.5,24-11-1714 A.M.
152.2,155.35,151.55,154.2,154.4,25-11-1714 A.M.
152.65,152.9,150.75,152.2,152.1,26-11-1714 A.M.
153.1,154.3,150.3,150.75,151.15,27-11-1714 A.M.
151.5,154.8,151.5,154.65,154.45,28-11-1714 A.M.
150.7,153.0,150.7,151.9,151.9,01-12-1714 A.M.
152.7,152.9,149.55,150.2,150.65,02-12-1714 A.M.
153.6,155.1,152.65,154.05,154.15,03-12-1714 A.M.
153.65,156.5,153.5,153.65,153.8,04-12-1714 A.M.
154.1,155.6,152.5,154.9,154.9,05-12-1714 A.M.
155.05,155.9,153.75,155.9,155.5,08-12-1714 A.M.
152.0,156.85,151.75,154.7,154.3,09-12-1714 A.M.
152.8,155.15,152.5,153.75,153.5,10-12-1714 A.M.
155.95,155.95,152.45,152.8,152.9,11-12-1714 A.M.
152.5,156.2,152.05,154.6,155.2,12-12-1714 A.M.
156.2,157.4,152.55,152.9,153.5,15-12-1714 A.M.
156.7,157.9,155.95,156.9,156.55,16-12-1714 A.M.
159.5,159.7,155.7,156.95,156.8,17-12-1714 A.M.
159.5,161.4,156.7,158.55,158.7,18-12-1714 A.M.
161.5,162.45,158.75,159.05,159.2,19-12-1714 A.M.
159.85,163.0,157.7,160.5,160.65,22-12-1714 A.M.
157.25,161.0,156.25,160.2,160.35,23-12-1714 A.M.
153.75,157.7,153.2,157.5,157.2,24-12-1714 A.M.
152.35,154.0,151.5,153.9,153.75,26-12-1714 A.M.
148.85,153.2,148.5,152.3,151.8,29-12-1714 A.M.
154.8,156.3,149.15,149.5,149.8,30-12-1714 A.M.
155.45,161.35,149.25,154.8,155.45,31-12-1714 A.M.
158.0,159.6,152.75,155.2,154.95,01-01-1715 A.M.
167.65,167.65,157.75,158.05,158.7,02-01-1715 A.M.
168.1,169.6,166.65,167.0,167.05,05-01-1715 A.M.
168.1,171.2,166.0,168.1,167.85,06-01-1715 A.M.
175.0,175.0,168.35,169.25,169.2,07-01-1715 A.M.
176.25,176.8,173.1,173.95,174.35,08-01-1715 A.M.
173.35,176.6,171.5,175.2,174.8,09-01-1715 A.M.
172.45,175.0,172.05,172.5,172.75,12-01-1715 A.M.
168.0,172.95,168.0,170.8,171.1,13-01-1715 A.M.
169.0,169.65,165.6,167.5,167.8,14-01-1715 A.M.
166.3,170.75,166.3,168.95,169.5,15-01-1715 A.M.
167.45,169.5,165.5,167.0,167.3,16-01-1715 A.M.
166.0,171.2,164.8,167.65,167.95,19-01-1715 A.M.
162.6,165.4,161.85,162.25,162.35,20-01-1715 A.M.
164.6,165.35,161.3,162.3,162.9,21-01-1715 A.M.
167.0,169.0,162.1,163.0,163.55,22-01-1715 A.M.
166.0,167.95,163.7,167.0,167.05,23-01-1715 A.M.
162.3,166.7,161.6,166.6,166.0,27-01-1715 A.M.
170.0,173.95,161.15,163.3,163.7,28-01-1715 A.M.
168.4,171.5,165.65,168.9,168.65,29-01-1715 A.M.
175.8,176.1,165.05,168.0,169.35,30-01-1715 A.M.
171.65,177.15,166.1,174.25,174.85,02-02-1715 A.M.
173.85,175.45,170.1,171.3,171.2,03-02-1715 A.M.
157.0,176.8,155.2,170.75,171.1,04-02-1715 A.M.
154.3,154.8,151.15,154.4,154.05,05-02-1715 A.M.
150.0,154.0,150.0,152.95,153.0,06-02-1715 A.M.
148.0,151.85,147.75,150.2,150.3,09-02-1715 A.M.
149.4,149.9,146.6,147.5,147.5,10-02-1715 A.M.
150.0,151.0,145.35,148.95,149.1,11-02-1715 A.M.
154.5,154.5,148.0,148.65,148.9,12-02-1715 A.M.
157.0,158.2,154.75,156.55,156.25,13-02-1715 A.M.
157.3,157.8,153.0,156.0,156.4,16-02-1715 A.M.
158.5,163.0,152.75,156.45,156.45,18-02-1715 A.M.
156.0,158.45,155.1,157.4,157.55,19-02-1715 A.M.
154.5,157.4,153.4,155.75,155.55,20-02-1715 A.M.
155.6,155.6,151.55,153.0,153.1,23-02-1715 A.M.
152.95,154.85,151.05,153.35,153.45,24-02-1715 A.M.
146.0,151.6,145.25,150.6,150.7,25-02-1715 A.M.
146.35,147.5,143.25,144.95,144.75,26-02-1715 A.M.
148.0,148.05,143.85,144.0,144.2,27-02-1715 A.M.
147.0,148.5,145.4,147.15,147.3,28-02-1715 A.M.
145.5,149.7,145.5,146.7,146.4,02-03-1715 A.M.
145.8,146.7,144.15,144.65,144.55,03-03-1715 A.M.
142.1,145.95,142.1,145.0,145.0,04-03-1715 A.M.
145.05,145.55,142.1,142.25,142.45,05-03-1715 A.M.
145.05,146.4,144.15,144.7,144.6,09-03-1715 A.M.
147.05,148.3,144.9,145.25,145.1,10-03-1715 A.M.
148.6,148.6,146.4,146.7,146.7,11-03-1715 A.M.
149.45,150.9,147.8,148.35,148.35,12-03-1715 A.M.
152.45,153.5,146.5,149.9,149.45,13-03-1715 A.M.
153.0,154.1,151.0,151.2,151.3,16-03-1715 A.M.
153.0,154.55,151.75,153.05,152.85,17-03-1715 A.M.
156.5,157.0,151.85,153.0,152.95,18-03-1715 A.M.
157.85,159.4,155.05,156.0,156.1,19-03-1715 A.M.
156.95,159.3,156.15,158.1,157.85,20-03-1715 A.M.
158.25,160.0,155.55,156.5,156.15,23-03-1715 A.M.
151.0,158.2,151.0,157.5,157.45,24-03-1715 A.M.
153.25,153.95,150.0,150.75,150.5,25-03-1715 A.M.
153.85,154.9,151.1,152.8,153.05,26-03-1715 A.M.
152.2,154.0,151.75,152.25,152.75,27-03-1715 A.M.
155.1,155.3,152.1,152.75,153.1,30-03-1715 A.M.
152.75,155.95,152.5,154.2,154.4,31-03-1715 A.M.
149.3,152.5,148.25,151.25,151.45,01-04-1715 A.M.
152.0,153.8,150.15,152.95,152.2,06-04-1715 A.M.
154.0,154.3,149.4,151.5,151.55,07-04-1715 A.M.
155.0,155.65,152.1,153.35,153.5,08-04-1715 A.M.
151.45,154.75,148.8,154.7,154.25,09-04-1715 A.M.
150.0,152.7,148.1,150.05,150.05,10-04-1715 A.M.
142.85,148.6,142.3,148.2,148.0,13-04-1715 A.M.
143.0,143.75,141.3,141.9,141.8,15-04-1715 A.M.
144.0,144.8,142.25,142.5,142.75,16-04-1715 A.M.
142.55,144.0,142.4,143.0,142.9,17-04-1715 A.M.
143.15,144.85,142.5,142.8,142.85,20-04-1715 A.M.
144.15,144.15,143.2,143.7,143.65,21-04-1715 A.M.
143.0,146.0,142.45,143.7,143.4,22-04-1715 A.M.
140.7,143.2,140.7,141.1,141.4,23-04-1715 A.M.
143.2,143.8,141.1,141.5,141.3,24-04-1715 A.M.
142.7,144.8,142.55,143.4,143.15,27-04-1715 A.M.
142.0,143.4,141.0,142.4,142.7,28-04-1715 A.M.
146.0,146.9,141.9,142.45,142.55,29-04-1715 A.M.
146.05,147.5,145.15,145.6,145.65,30-04-1715 A.M.
143.8,146.0,143.0,146.0,145.15,04-05-1715 A.M.
143.9,145.1,142.25,143.4,143.8,05-05-1715 A.M.
143.5,144.35,141.3,143.0,143.3,06-05-1715 A.M.
141.5,143.0,140.15,142.95,142.55,07-05-1715 A.M.
141.45,142.25,139.45,140.85,140.9,08-05-1715 A.M.
136.8,141.15,135.9,141.05,140.4,11-05-1715 A.M.
139.95,141.0,135.25,135.75,135.95,12-05-1715 A.M.
140.15,142.15,139.15,139.85,139.7,13-05-1715 A.M.
141.7,141.9,139.1,140.4,139.8,14-05-1715 A.M.
143.2,143.55,141.0,141.1,141.2,15-05-1715 A.M.
142.75,143.0,141.8,142.9,142.7,18-05-1715 A.M.
141.25,143.0,141.2,142.0,142.0,19-05-1715 A.M.
139.35,141.95,139.15,141.25,141.1,20-05-1715 A.M.
140.35,141.75,139.6,140.25,140.35,21-05-1715 A.M.
139.1,140.95,138.35,140.25,140.2,22-05-1715 A.M.
140.55,141.35,137.7,138.9,138.9,25-05-1715 A.M.
141.55,142.4,139.1,140.9,140.55,26-05-1715 A.M.
144.0,144.85,141.15,141.5,141.75,27-05-1715 A.M.
145.3,145.9,143.5,144.05,144.05,28-05-1715 A.M.
144.2,145.85,143.05,144.65,144.85,29-05-1715 A.M.
144.35,144.5,142.7,143.5,143.6,01-06-1715 A.M.
142.45,144.5,141.8,143.7,143.35,02-06-1715 A.M.
144.3,144.3,140.15,141.35,141.15,03-06-1715 A.M.
143.15,144.85,142.55,143.1,143.05,04-06-1715 A.M.
141.2,143.7,138.5,143.4,143.15,05-06-1715 A.M.
140.85,142.95,140.0,140.5,140.7,08-06-1715 A.M.
141.35,143.0,139.65,140.5,141.0,09-06-1715 A.M.
141.8,144.75,139.7,141.1,140.45,10-06-1715 A.M.
140.0,144.4,139.6,141.8,142.15,11-06-1715 A.M.
140.9,143.0,138.4,139.0,138.95,12-06-1715 A.M.
143.0,144.9,140.3,141.25,141.35,15-06-1715 A.M.
147.25,147.85,143.65,144.5,144.25,16-06-1715 A.M.
149.05,150.35,147.5,148.1,148.2,17-06-1715 A.M.
148.35,152.2,148.1,149.6,149.85,18-06-1715 A.M.
148.5,150.1,147.55,147.8,147.85,19-06-1715 A.M.
146.25,149.3,146.25,148.35,148.3,22-06-1715 A.M.
149.5,150.25,145.8,146.5,146.2,23-06-1715 A.M.
152.25,152.9,148.5,149.0,149.05,24-06-1715 A.M.
152.85,152.85,150.4,152.0,152.05,25-06-1715 A.M.
153.05,154.5,150.3,151.9,152.05,26-06-1715 A.M.
156.1,156.8,151.9,153.55,152.9,29-06-1715 A.M.
158.05,159.95,154.75,155.55,155.95,30-06-1715 A.M.
157.4,158.5,156.15,157.1,157.25,01-07-1715 A.M.
157.1,159.3,156.0,157.2,157.1,02-07-1715 A.M.
157.0,158.2,155.2,156.5,156.5,03-07-1715 A.M.
156.95,158.6,155.1,157.15,156.8,06-07-1715 A.M.
154.45,157.0,153.65,156.75,156.35,07-07-1715 A.M.
160.5,161.75,153.75,154.6,154.95,08-07-1715 A.M.
160.85,162.65,159.9,160.35,160.5,09-07-1715 A.M.
159.5,161.5,158.15,160.0,160.45,10-07-1715 A.M.
158.55,160.9,155.25,159.45,159.8,13-07-1715 A.M.
160.8,162.85,156.35,158.3,158.05,14-07-1715 A.M.
159.0,166.1,158.0,162.1,161.05,15-07-1715 A.M.
155.4,157.65,153.65,156.9,157.25,16-07-1715 A.M.
154.5,156.5,153.35,154.1,154.7,17-07-1715 A.M.
147.2,153.85,146.6,152.85,153.1,20-07-1715 A.M.
148.55,149.4,145.9,147.3,147.5,21-07-1715 A.M.
145.3,148.75,145.25,147.85,148.2,22-07-1715 A.M.
144.1,147.1,144.1,144.5,144.75,23-07-1715 A.M.
145.25,145.5,142.2,143.45,143.45,24-07-1715 A.M.
146.0,147.5,145.0,145.3,145.15,27-07-1715 A.M.
146.8,148.45,146.2,146.55,146.75,28-07-1715 A.M.
147.95,147.95,146.25,147.2,147.0,29-07-1715 A.M.
146.75,149.0,146.7,147.6,147.45,30-07-1715 A.M.
149.1,149.1,145.3,146.65,146.7,31-07-1715 A.M.
146.8,147.75,145.8,146.15,146.2,03-08-1715 A.M.
147.6,148.7,146.05,146.6,146.65,04-08-1715 A.M.
146.5,148.4,145.1,145.9,145.55,05-08-1715 A.M.
149.0,149.3,146.25,146.7,146.8,06-08-1715 A.M.
149.2,150.9,149.0,149.25,149.3,07-08-1715 A.M.
148.0,150.1,147.55,148.75,148.9,10-08-1715 A.M.
145.0,148.35,145.0,148.2,147.65,11-08-1715 A.M.
146.3,147.6,144.0,144.75,145.05,12-08-1715 A.M.
142.0,146.8,141.6,145.8,145.5,13-08-1715 A.M.
142.55,143.75,140.8,142.5,142.4,14-08-1715 A.M.
144.35,145.2,141.1,142.35,141.8,17-08-1715 A.M.
145.1,146.8,143.1,144.1,143.65,18-08-1715 A.M.
146.25,147.8,144.75,145.8,145.35,19-08-1715 A.M.
149.0,149.2,144.05,145.0,144.55,20-08-1715 A.M.
142.5,148.35,142.5,147.5,147.7,21-08-1715 A.M.
146.05,146.9,142.8,144.4,143.95,24-08-1715 A.M.
155.0,155.0,141.1,144.9,144.3,25-08-1715 A.M.
157.1,159.65,153.1,155.25,154.55,26-08-1715 A.M.
160.4,161.25,155.1,156.75,156.55,27-08-1715 A.M.
160.2,163.0,157.8,160.2,160.1,28-08-1715 A.M.
164.4,167.9,159.05,161.5,160.35,31-08-1715 A.M.
167.7,168.95,163.1,163.7,163.55,01-09-1715 A.M.
168.5,169.8,165.9,167.8,167.6,02-09-1715 A.M.
168.0,170.0,167.25,169.5,169.5,03-09-1715 A.M.
164.0,169.9,161.55,168.3,167.7,04-09-1715 A.M.
165.0,167.1,163.1,164.1,164.0,07-09-1715 A.M.
163.0,166.0,162.65,165.3,165.0,08-09-1715 A.M.
163.3,164.2,160.25,162.25,162.4,09-09-1715 A.M.
164.0,166.25,162.3,163.1,163.25,10-09-1715 A.M.
166.2,168.4,163.05,163.45,163.85,11-09-1715 A.M.
159.0,166.4,158.0,165.75,165.45,14-09-1715 A.M.
162.1,162.6,157.0,158.9,158.75,15-09-1715 A.M.
160.4,162.8,159.9,162.25,161.85,16-09-1715 A.M.
164.5,165.35,159.0,159.8,159.6,18-09-1715 A.M.
163.2,165.0,162.25,164.0,164.2,21-09-1715 A.M.
159.1,162.9,158.25,161.75,162.0,22-09-1715 A.M.
160.0,160.2,155.35,157.1,158.05,23-09-1715 A.M.
160.85,161.45,157.7,159.3,159.45,24-09-1715 A.M.
161.15,163.45,159.0,159.8,160.05,28-09-1715 A.M.
156.0,160.8,155.85,160.3,160.15,29-09-1715 A.M.
155.7,158.2,154.15,155.3,155.55,30-09-1715 A.M.
157.0,157.8,155.2,155.8,155.8,01-10-1715 A.M.
153.7,156.75,151.8,156.15,156.2,05-10-1715 A.M.
155.3,156.1,152.2,152.85,153.0,06-10-1715 A.M.
151.0,155.8,150.7,154.9,155.2,07-10-1715 A.M.
144.1,150.55,144.0,150.2,149.8,08-10-1715 A.M.
146.0,146.05,143.15,143.5,143.85,09-10-1715 A.M.
146.0,149.9,145.5,146.85,146.2,12-10-1715 A.M.
145.9,147.4,143.25,147.0,145.95,13-10-1715 A.M.
144.5,146.65,143.75,145.85,145.9,14-10-1715 A.M.
143.25,146.45,142.5,143.8,143.15,15-10-1715 A.M.
148.0,149.3,143.5,143.8,144.9,16-10-1715 A.M.
151.0,151.7,146.05,149.0,149.0,19-10-1715 A.M.
151.0,151.85,148.95,150.8,150.55,20-10-1715 A.M.
148.5,149.0,146.75,148.0,147.65,21-10-1715 A.M.
148.0,150.05,147.65,147.9,148.05,23-10-1715 A.M.
153.8,153.85,147.8,150.05,150.05,26-10-1715 A.M.
150.1,153.0,150.1,152.0,152.15,27-10-1715 A.M.
152.2,153.2,148.2,150.5,150.75,28-10-1715 A.M.
146.95,152.0,146.55,150.9,150.7,29-10-1715 A.M.
149.0,149.2,145.6,147.0,146.65,30-10-1715 A.M.
148.45,149.9,146.1,146.85,147.0,02-11-1715 A.M.
145.8,148.0,143.6,147.9,147.2,03-11-1715 A.M.
142.0,145.35,140.65,143.6,143.85,04-11-1715 A.M.
144.1,145.2,140.7,141.8,141.55,05-11-1715 A.M.
139.4,144.4,139.35,144.0,143.8,06-11-1715 A.M.
138.1,140.65,136.7,139.2,139.0,09-11-1715 A.M.
137.0,140.4,137.0,137.1,137.95,10-11-1715 A.M.
141.5,141.5,130.95,136.6,136.05,11-11-1715 A.M.
144.7,146.3,139.65,141.1,141.3,13-11-1715 A.M.
147.0,147.5,143.1,144.7,144.05,16-11-1715 A.M.
147.8,148.8,145.25,146.75,146.75,17-11-1715 A.M.
141.8,146.55,141.0,146.5,146.25,18-11-1715 A.M.
141.5,146.65,141.0,142.4,141.9,19-11-1715 A.M.
139.0,142.8,138.25,140.6,140.9,20-11-1715 A.M.
142.8,143.3,136.65,141.0,141.65,23-11-1715 A.M.
147.0,148.3,139.65,140.05,140.45,24-11-1715 A.M.
146.9,149.4,145.0,148.0,147.65,26-11-1715 A.M.
144.55,148.8,144.35,146.9,146.55,27-11-1715 A.M.
147.8,149.0,144.3,145.25,145.5,30-11-1715 A.M.
143.0,147.3,141.5,146.15,146.5,01-12-1715 A.M.
138.0,143.45,136.2,142.05,141.9,02-12-1715 A.M.
142.7,142.8,136.0,137.75,137.95,03-12-1715 A.M.
149.8,149.8,142.1,143.45,142.8,04-12-1715 A.M.
149.9,150.8,140.7,146.7,146.4,07-12-1715 A.M.
161.0,164.2,144.2,147.2,147.05,08-12-1715 A.M.
159.8,160.3,151.15,160.2,159.7,09-12-1715 A.M.
160.45,163.6,155.3,159.0,158.85,10-12-1715 A.M.
158.15,161.5,157.05,159.35,159.4,11-12-1715 A.M.
153.1,157.75,151.45,157.3,156.7,14-12-1715 A.M.
155.25,155.4,150.35,152.4,151.75,15-12-1715 A.M.
154.0,156.5,151.15,153.1,153.55,16-12-1715 A.M.
155.0,156.8,152.6,155.5,154.75,17-12-1715 A.M.
155.0,158.5,153.4,154.65,154.6,18-12-1715 A.M.
155.3,157.9,153.3,155.5,155.7,21-12-1715 A.M.
157.6,158.3,153.4,155.1,154.95,22-12-1715 A.M.
154.5,160.35,154.1,156.5,157.05,23-12-1715 A.M.
152.5,155.0,151.25,153.6,153.75,24-12-1715 A.M.
149.0,154.85,148.6,153.75,154.05,28-12-1715 A.M.
148.0,149.45,145.55,148.0,147.6,29-12-1715 A.M.
149.9,150.9,146.6,147.9,147.65,30-12-1715 A.M.
145.8,149.8,145.55,149.2,149.1,31-12-1715 A.M.
148.0,149.1,144.5,144.95,145.1,01-01-1716 A.M.
144.0,147.95,142.8,147.7,147.45,04-01-1716 A.M.
144.5,147.25,143.25,145.4,145.15,05-01-1716 A.M.
142.85,144.5,141.5,144.15,143.5,06-01-1716 A.M.
139.0,143.35,138.55,141.5,141.6,07-01-1716 A.M.
141.5,142.8,139.05,140.5,140.1,08-01-1716 A.M.
134.5,143.1,133.4,142.25,141.5,11-01-1716 A.M.
132.5,135.0,131.5,135.0,134.4,12-01-1716 A.M.
133.25,135.0,128.0,130.2,129.3,13-01-1716 A.M.
135.6,135.6,131.8,133.25,133.45,14-01-1716 A.M.
133.45,135.45,132.2,134.05,133.9,15-01-1716 A.M.
135.8,135.95,130.3,133.4,133.35,18-01-1716 A.M.
139.55,142.1,132.7,136.3,136.4,19-01-1716 A.M.
141.25,142.95,139.3,140.5,140.8,20-01-1716 A.M.
142.7,144.65,142.7,143.9,143.5,21-01-1716 A.M.
141.9,143.95,141.0,142.9,142.9,22-01-1716 A.M.
140.0,141.0,138.55,140.5,140.4,25-01-1716 A.M.
140.4,143.5,138.75,139.6,139.95,27-01-1716 A.M.
139.05,143.65,136.7,139.0,139.1,28-01-1716 A.M.
142.75,144.95,135.25,141.55,141.6,29-01-1716 A.M.
145.8,145.8,141.6,142.0,142.6,01-02-1716 A.M.
150.05,151.3,145.0,146.05,146.0,02-02-1716 A.M.
149.0,152.95,148.8,149.25,149.1,03-02-1716 A.M.
149.7,150.85,147.4,149.75,149.6,04-02-1716 A.M.
150.6,151.9,149.1,150.0,150.2,05-02-1716 A.M.
147.8,152.2,147.1,150.5,149.9,08-02-1716 A.M.
145.9,148.4,144.3,147.2,147.05,09-02-1716 A.M.
149.45,149.75,144.7,145.9,145.9,10-02-1716 A.M.
142.15,149.1,142.15,148.7,148.0,11-02-1716 A.M.
145.45,145.75,140.85,142.95,143.0,12-02-1716 A.M.
144.1,148.7,143.25,144.7,144.7,15-02-1716 A.M.
141.65,144.0,141.15,143.9,143.7,16-02-1716 A.M.
139.15,142.0,137.25,141.5,141.3,17-02-1716 A.M.
141.5,143.0,136.2,139.1,138.75,18-02-1716 A.M.
144.7,146.3,141.85,142.9,142.65,19-02-1716 A.M.
144.8,146.1,142.0,145.15,144.4,22-02-1716 A.M.
145.95,147.85,143.25,144.1,144.05,23-02-1716 A.M.
143.5,147.8,143.05,147.1,146.6,24-02-1716 A.M.
146.5,148.35,142.75,143.3,143.25,25-02-1716 A.M.
141.5,148.1,141.5,147.0,147.3,26-02-1716 A.M.
146.0,146.5,139.6,141.4,141.0,29-02-1716 A.M.
147.1,149.1,145.65,146.45,146.45,01-03-1716 A.M.
146.5,148.0,146.0,147.95,147.7,02-03-1716 A.M.
148.05,149.2,145.1,146.4,146.15,03-03-1716 A.M.
151.8,153.4,147.15,147.75,148.05,04-03-1716 A.M.
149.0,151.8,149.0,151.0,151.0,08-03-1716 A.M.
147.75,149.6,147.0,149.25,149.05,09-03-1716 A.M.
147.6,149.8,146.0,147.75,147.55,10-03-1716 A.M.
149.75,149.75,146.2,147.0,147.35,11-03-1716 A.M.
146.8,149.85,145.9,149.0,149.0,14-03-1716 A.M.
145.0,148.0,142.7,146.75,147.25,15-03-1716 A.M.
141.0,144.7,140.9,144.45,144.25,16-03-1716 A.M.
136.4,140.95,136.1,140.75,140.4,17-03-1716 A.M.
138.35,139.45,135.5,136.15,136.05,18-03-1716 A.M.
141.3,141.3,136.65,137.95,138.35,21-03-1716 A.M.
139.0,141.2,137.0,140.7,140.55,22-03-1716 A.M.
137.8,139.3,136.5,138.75,138.75,23-03-1716 A.M.
134.2,137.75,132.6,136.7,137.1,28-03-1716 A.M.
131.5,135.2,131.5,133.8,133.65,29-03-1716 A.M.
131.1,133.7,131.1,132.3,132.3,30-03-1716 A.M.
130.15,132.9,130.0,131.8,131.75,31-03-1716 A.M.
131.7,132.9,130.15,131.75,131.4,01-04-1716 A.M.
130.85,131.8,128.5,130.9,131.0,04-04-1716 A.M.
133.5,135.0,129.7,130.1,130.15,05-04-1716 A.M.
127.1,134.3,127.05,133.15,132.8,06-04-1716 A.M.
126.0,128.95,126.0,128.2,128.2,07-04-1716 A.M.
129.0,130.5,126.8,127.6,127.4,08-04-1716 A.M.
134.9,135.25,130.05,130.5,130.65,11-04-1716 A.M.
131.0,134.7,130.9,134.4,134.2,12-04-1716 A.M.
128.5,132.3,127.9,131.6,131.45,13-04-1716 A.M.
124.1,129.0,122.0,127.55,127.85,18-04-1716 A.M.
123.1,125.1,122.0,123.4,123.5,20-04-1716 A.M.
127.3,129.25,122.8,123.75,123.55,21-04-1716 A.M.
125.0,127.5,122.6,126.3,125.9,22-04-1716 A.M.
128.55,128.6,123.45,123.8,124.6,25-04-1716 A.M.
129.1,130.4,127.0,128.55,128.35,26-04-1716 A.M.
131.1,132.2,127.0,130.5,130.15,27-04-1716 A.M.
133.0,133.0,130.65,131.15,131.1,28-04-1716 A.M.
134.35,136.6,132.45,132.75,133.4,29-04-1716 A.M.
133.9,135.75,131.1,134.3,134.35,02-05-1716 A.M.
132.5,134.65,131.5,133.05,133.5,03-05-1716 A.M.
133.9,134.7,130.8,133.0,133.2,04-05-1716 A.M.
134.4,135.35,132.1,132.4,132.75,05-05-1716 A.M.
132.1,135.0,131.2,134.05,134.1,06-05-1716 A.M.
130.0,132.65,130.0,131.6,131.65,09-05-1716 A.M.
133.0,133.5,129.5,130.4,130.05,10-05-1716 A.M.
127.4,132.4,127.0,131.95,132.05,11-05-1716 A.M.
127.5,128.4,121.55,126.4,126.6,12-05-1716 A.M.
126.7,129.4,126.0,128.3,127.95,13-05-1716 A.M.
133.5,134.15,122.7,127.0,125.2,16-05-1716 A.M.
132.9,134.1,130.3,132.1,132.2,17-05-1716 A.M.
132.0,135.0,131.25,132.4,131.85,18-05-1716 A.M.
139.4,139.4,132.2,133.55,133.4,19-05-1716 A.M.
138.7,140.4,137.2,137.95,138.15,20-05-1716 A.M.
143.75,143.8,137.4,137.65,138.0,23-05-1716 A.M.
148.0,148.85,144.5,144.8,145.05,24-05-1716 A.M.
142.0,146.8,142.0,146.55,146.35,25-05-1716 A.M.
143.9,144.5,141.35,142.0,141.9,26-05-1716 A.M.
138.3,142.25,137.75,140.95,141.05,27-05-1716 A.M.
141.5,141.75,136.8,138.55,139.05,30-05-1716 A.M.
142.5,144.8,141.05,141.7,141.55,31-05-1716 A.M.
141.0,142.9,140.2,142.6,142.05,01-06-1716 A.M.
143.0,143.75,140.5,140.95,140.8,02-06-1716 A.M.
144.9,145.55,141.75,142.3,142.5,03-06-1716 A.M.
142.25,148.0,142.0,145.2,144.85,06-06-1716 A.M.
142.0,144.3,141.2,142.1,142.25,07-06-1716 A.M.
145.0,145.0,139.5,141.55,141.5,08-06-1716 A.M.
146.15,148.25,144.55,145.55,145.15,09-06-1716 A.M.
151.45,152.0,145.35,147.1,146.8,10-06-1716 A.M.
143.5,151.15,142.6,150.0,149.35,13-06-1716 A.M.
148.0,149.4,143.15,144.1,143.9,14-06-1716 A.M.
147.95,149.8,146.5,148.0,147.75,15-06-1716 A.M.
148.7,150.9,145.1,147.9,147.65,16-06-1716 A.M.
147.0,160.0,145.0,148.0,148.0,17-06-1716 A.M.
149.4,150.3,143.6,145.05,145.5,20-06-1716 A.M.
153.5,153.5,147.6,149.05,149.0,21-06-1716 A.M.
154.4,156.1,150.6,152.15,151.85,22-06-1716 A.M.
153.0,155.35,152.3,154.15,154.0,23-06-1716 A.M.
155.0,156.85,152.4,153.45,153.0,24-06-1716 A.M.
157.0,158.5,154.5,154.95,154.95,27-06-1716 A.M.
158.6,160.05,155.7,156.45,156.5,28-06-1716 A.M.
167.0,167.0,157.7,158.6,158.55,29-06-1716 A.M.
159.05,159.9,155.65,159.55,159.45,30-06-1716 A.M.
161.4,161.75,157.75,158.0,158.65,01-07-1716 A.M.
162.75,163.7,160.4,160.7,161.0,04-07-1716 A.M.
164.6,164.6,161.5,162.85,162.45,05-07-1716 A.M.
163.35,165.15,162.45,163.75,163.75,07-07-1716 A.M.
164.95,166.25,162.0,162.6,162.75,08-07-1716 A.M.
166.0,166.4,163.2,164.05,164.15,11-07-1716 A.M.
167.3,168.9,165.2,165.6,165.85,12-07-1716 A.M.
161.5,167.3,161.3,167.05,166.65,13-07-1716 A.M.
160.55,162.5,160.3,161.0,160.8,14-07-1716 A.M.
160.5,161.75,159.55,159.9,159.95,15-07-1716 A.M.
160.25,162.45,159.75,160.75,160.45,18-07-1716 A.M.
160.4,162.5,159.0,159.55,159.65,19-07-1716 A.M.
161.75,162.5,159.75,160.7,160.15,20-07-1716 A.M.
161.7,162.6,160.0,160.2,160.65,21-07-1716 A.M.
163.0,165.45,160.25,160.75,160.85,22-07-1716 A.M.
165.0,165.35,162.3,163.15,162.95,25-07-1716 A.M.
166.35,167.5,164.35,164.75,165.15,26-07-1716 A.M.
167.0,167.0,163.45,165.7,165.2,27-07-1716 A.M.
168.9,169.55,165.3,165.65,165.65,28-07-1716 A.M.
168.2,169.7,166.6,168.8,168.75,29-07-1716 A.M.
173.5,174.25,167.55,167.95,168.05,01-08-1716 A.M.
170.0,172.75,167.75,171.7,172.05,02-08-1716 A.M.
173.0,174.25,166.55,169.15,169.8,03-08-1716 A.M.
171.4,173.7,170.5,173.0,172.85,04-08-1716 A.M.
168.4,172.2,165.85,169.85,169.85,05-08-1716 A.M.
166.95,166.95,164.0,166.0,165.75,08-08-1716 A.M.
166.45,168.25,165.1,165.6,165.6,09-08-1716 A.M.
168.35,169.5,165.15,165.85,166.25,10-08-1716 A.M.
166.8,169.75,165.4,168.3,168.55,11-08-1716 A.M.
163.2,168.5,163.0,165.95,165.95,12-08-1716 A.M.
163.5,165.95,162.05,162.8,162.6,16-08-1716 A.M.
166.45,166.45,162.05,162.8,163.05,17-08-1716 A.M.
164.7,166.6,162.25,163.35,163.4,18-08-1716 A.M.
160.85,164.35,160.2,163.55,163.4,19-08-1716 A.M.
161.0,163.6,158.2,159.9,159.95,22-08-1716 A.M.
160.0,164.3,157.15,161.65,160.85,23-08-1716 A.M.
165.0,166.4,156.05,158.9,159.0,24-08-1716 A.M.
174.0,174.0,162.5,163.85,164.15,25-08-1716 A.M.
180.0,181.4,172.5,172.85,173.4,26-08-1716 A.M.
171.7,181.5,170.0,178.7,178.85,29-08-1716 A.M.
170.0,172.4,168.5,171.35,171.45,30-08-1716 A.M.
168.85,171.2,168.2,168.65,168.8,31-08-1716 A.M.
168.6,171.5,166.5,169.0,168.9,01-09-1716 A.M.
158.45,167.9,157.85,167.8,167.35,02-09-1716 A.M.
158.95,162.4,158.2,159.7,159.55,06-09-1716 A.M.
159.0,160.2,157.35,158.2,157.85,07-09-1716 A.M.
158.7,160.9,157.7,158.65,158.65,08-09-1716 A.M.
160.5,161.85,157.55,158.7,158.3,09-09-1716 A.M.
151.9,161.25,151.35,159.35,159.8,12-09-1716 A.M.
152.4,152.55,148.8,148.9,150.15,14-09-1716 A.M.
150.0,153.15,147.95,150.7,150.7,15-09-1716 A.M.
154.2,154.2,147.15,148.35,148.0,16-09-1716 A.M.
155.9,156.85,151.0,151.0,151.4,19-09-1716 A.M.
157.0,158.2,152.1,156.0,154.85,20-09-1716 A.M.
160.1,161.0,156.6,157.5,156.95,21-09-1716 A.M.
156.0,161.85,156.0,159.4,159.6,22-09-1716 A.M.
162.8,163.8,156.8,157.6,157.95,23-09-1716 A.M.
163.0,164.5,161.0,162.3,162.05,26-09-1716 A.M.
162.5,165.0,160.55,162.65,162.45,27-09-1716 A.M.
160.45,164.4,159.5,161.9,161.25,28-09-1716 A.M.
161.9,161.9,158.5,159.7,160.0,29-09-1716 A.M.
160.1,163.45,159.95,161.0,161.25,30-09-1716 A.M.
156.2,161.2,156.0,160.1,160.05,03-10-1716 A.M.
154.8,157.35,152.25,156.3,156.15,04-10-1716 A.M.
155.55,157.9,151.8,154.0,153.4,05-10-1716 A.M.
150.25,157.9,150.2,155.4,155.55,06-10-1716 A.M.
153.7,154.25,147.05,150.1,150.2,07-10-1716 A.M.
155.6,156.5,150.55,151.9,151.9,10-10-1716 A.M.
148.9,156.5,146.25,156.25,155.4,13-10-1716 A.M.
143.75,147.3,142.9,146.25,145.65,14-10-1716 A.M.
133.0,144.2,132.1,142.95,142.85,17-10-1716 A.M.
131.8,132.55,130.0,132.5,131.65,18-10-1716 A.M.
130.0,133.35,129.0,130.75,130.55,19-10-1716 A.M.
129.5,131.1,128.45,128.75,128.85,20-10-1716 A.M.
131.05,132.25,128.4,128.65,128.8,21-10-1716 A.M.
127.9,131.9,127.85,130.25,131.05,24-10-1716 A.M.
129.5,130.0,127.1,127.3,127.4,25-10-1716 A.M.
128.0,131.25,127.7,130.0,129.75,26-10-1716 A.M.
134.95,136.3,128.1,128.5,128.5,27-10-1716 A.M.
133.8,135.75,132.1,133.95,133.65,28-10-1716 A.M.
134.35,135.65,132.5,134.0,133.9,30-10-1716 A.M.
135.55,136.0,133.7,134.6,134.4,01-11-1716 A.M.
132.0,136.95,132.0,134.8,134.8,02-11-1716 A.M.
137.85,137.9,135.0,135.3,135.35,03-11-1716 A.M.
136.55,137.05,136.1,136.9,136.65,04-11-1716 A.M.
137.9,138.1,136.1,136.6,136.6,07-11-1716 A.M.
135.0,136.4,133.75,136.35,135.6,08-11-1716 A.M.
131.6,134.9,131.0,133.1,133.65,09-11-1716 A.M.
131.05,132.45,130.0,132.1,131.6,10-11-1716 A.M.
131.35,132.9,129.95,130.55,130.4,11-11-1716 A.M.
130.3,131.95,129.15,130.75,129.8,15-11-1716 A.M.
124.05,130.85,124.0,130.55,130.3,16-11-1716 A.M.
128.15,128.9,125.0,125.2,125.2,17-11-1716 A.M.
129.95,129.95,126.6,128.45,127.9,18-11-1716 A.M.
129.35,132.25,128.15,128.55,128.45,21-11-1716 A.M.
132.0,132.0,127.7,129.0,128.85,22-11-1716 A.M.
132.25,133.55,130.5,130.8,131.0,23-11-1716 A.M.
132.55,135.15,131.3,131.9,131.8,24-11-1716 A.M.
135.45,135.85,132.2,133.0,132.9,25-11-1716 A.M.
133.95,137.8,133.7,134.8,134.7,28-11-1716 A.M.
134.1,136.2,133.6,133.85,133.9,29-11-1716 A.M.
136.0,136.3,133.0,133.85,133.9,30-11-1716 A.M.
133.0,136.65,133.0,134.95,135.15,01-12-1716 A.M.
130.9,134.15,130.5,133.45,132.85,02-12-1716 A.M.
129.4,133.25,128.0,132.0,131.25,05-12-1716 A.M.
129.0,132.45,128.7,130.4,130.1,06-12-1716 A.M.
129.0,130.9,128.15,129.55,129.85,07-12-1716 A.M.
132.05,132.55,129.4,129.6,129.95,08-12-1716 A.M.
129.45,132.25,129.1,130.85,131.15,09-12-1716 A.M.
125.95,130.9,125.95,130.3,130.05,12-12-1716 A.M.
126.7,129.3,126.2,127.35,127.05,13-12-1716 A.M.
120.0,128.0,120.0,127.4,127.0,14-12-1716 A.M.
121.0,123.35,119.15,122.75,122.65,15-12-1716 A.M.
120.0,123.95,119.8,120.65,120.65,16-12-1716 A.M.
120.0,123.25,119.3,120.0,120.05,19-12-1716 A.M.
123.0,125.0,119.0,120.65,120.8,20-12-1716 A.M.
115.0,124.15,115.0,123.0,123.4,21-12-1716 A.M.
118.0,119.4,115.0,116.0,115.65,22-12-1716 A.M.
122.05,122.55,118.2,119.05,118.75,23-12-1716 A.M.
119.0,122.4,119.0,122.15,121.35,26-12-1716 A.M.
116.0,120.0,114.6,119.0,119.05,27-12-1716 A.M.
114.0,116.9,114.0,116.8,116.35,28-12-1716 A.M.
113.8,115.4,113.25,114.75,114.45,29-12-1716 A.M.
111.6,116.45,111.6,114.4,114.2,30-12-1716 A.M.
111.3,117.4,111.3,115.15,115.4,02-01-1717 A.M.
114.7,117.45,114.7,116.6,116.45,03-01-1717 A.M.
110.0,116.2,110.0,115.65,115.7,04-01-1717 A.M.
115.0,117.85,113.65,114.25,114.15,05-01-1717 A.M.
118.1,119.5,117.5,117.95,117.8,06-01-1717 A.M.
118.85,120.1,118.3,119.2,119.45,09-01-1717 A.M.
120.05,120.8,118.0,118.4,118.8,10-01-1717 A.M.
118.55,119.9,116.65,119.8,119.55,11-01-1717 A.M.
117.0,119.5,115.15,117.9,117.95,12-01-1717 A.M.
116.85,118.25,115.55,115.7,115.95,13-01-1717 A.M.
117.6,118.8,115.1,115.8,115.75,16-01-1717 A.M.
116.8,117.95,115.6,117.1,117.15,17-01-1717 A.M.
110.0,115.9,109.15,115.8,115.15,18-01-1717 A.M.
108.6,111.5,108.5,109.2,109.45,19-01-1717 A.M.
107.15,109.05,106.75,108.15,108.2,20-01-1717 A.M.
106.3,108.3,105.6,107.9,107.7,23-01-1717 A.M.
105.05,107.4,104.7,106.7,106.25,24-01-1717 A.M.
105.0,106.75,104.2,104.65,104.9,25-01-1717 A.M.
108.55,109.2,104.35,106.0,105.65,27-01-1717 A.M.
107.35,108.0,105.6,107.75,107.65,30-01-1717 A.M.
108.5,109.75,105.5,105.8,105.85,31-01-1717 A.M.
110.75,112.8,107.9,109.0,108.5,01-02-1717 A.M.
110.5,113.15,109.6,112.2,112.05,02-02-1717 A.M.
113.7,114.25,110.1,110.75,110.85,03-02-1717 A.M.
108.15,112.7,107.15,112.0,112.05,06-02-1717 A.M.
108.8,109.95,108.05,109.1,109.15,07-02-1717 A.M.
106.0,108.9,105.75,107.75,107.9,08-02-1717 A.M.
105.05,107.7,104.55,105.4,105.35,09-02-1717 A.M.
104.1,105.0,102.4,104.5,104.55,10-02-1717 A.M.
108.1,109.3,104.75,105.55,105.65,13-02-1717 A.M.
107.55,109.3,106.35,108.35,107.6,14-02-1717 A.M.
110.0,110.45,107.1,107.4,107.55,15-02-1717 A.M.
112.0,113.2,109.5,109.9,110.0,16-02-1717 A.M.
107.5,111.85,107.5,111.7,111.1,17-02-1717 A.M.
109.5,109.5,107.35,108.45,107.95,20-02-1717 A.M.
108.5,111.2,106.65,109.45,109.6,21-02-1717 A.M.
107.25,109.8,102.5,108.35,107.9,22-02-1717 A.M.
107.7,108.45,104.65,107.45,107.0,23-02-1717 A.M.
106.05,108.1,105.55,107.05,106.8,27-02-1717 A.M.
105.8,106.95,104.55,106.0,105.55,28-02-1717 A.M.
108.95,110.2,106.1,107.0,107.35,01-03-1717 A.M.
103.65,108.85,102.15,107.9,107.85,02-03-1717 A.M.
103.0,106.35,100.45,105.25,104.85,03-03-1717 A.M.
108.0,109.15,101.6,103.1,103.05,06-03-1717 A.M.
112.05,112.25,106.35,109.0,108.45,07-03-1717 A.M.
111.1,113.25,110.85,112.7,112.45,08-03-1717 A.M.
112.05,114.4,109.8,110.4,110.5,09-03-1717 A.M.
116.35,117.15,111.75,112.5,112.85,10-03-1717 A.M.
117.8,117.8,108.0,116.75,116.2,14-03-1717 A.M.
117.8,118.7,113.4,114.5,114.4,15-03-1717 A.M.
119.65,120.5,117.0,117.7,117.45,16-03-1717 A.M.
117.1,120.7,116.5,118.95,119.35,17-03-1717 A.M.
118.95,118.95,116.3,117.2,116.9,20-03-1717 A.M.
116.0,116.7,115.3,116.55,116.4,21-03-1717 A.M.
115.7,117.7,114.5,115.8,115.7,22-03-1717 A.M.
117.05,117.65,114.6,116.5,115.45,23-03-1717 A.M.
118.65,119.4,115.3,116.7,116.65,24-03-1717 A.M.
117.55,119.35,116.35,118.6,118.5,27-03-1717 A.M.
123.7,123.7,116.9,117.25,117.4,28-03-1717 A.M.
126.0,126.0,120.25,121.95,121.7,29-03-1717 A.M.
119.9,124.75,118.5,124.45,124.0,30-03-1717 A.M.
119.25,120.9,117.7,119.0,119.15,31-03-1717 A.M.
118.55,119.8,117.15,118.7,118.95,03-04-1717 A.M.
117.65,119.2,116.15,118.65,118.5,05-04-1717 A.M.
121.4,122.45,116.15,116.25,116.8,06-04-1717 A.M.
119.1,122.3,118.1,121.15,121.2,07-04-1717 A.M.
115.5,121.0,115.5,118.65,118.25,10-04-1717 A.M.
117.5,118.5,112.5,117.6,117.4,11-04-1717 A.M.
116.9,118.75,116.1,117.4,116.95,12-04-1717 A.M.
120.0,120.2,117.15,117.85,117.7,13-04-1717 A.M.
116.4,120.25,116.4,118.8,118.95,17-04-1717 A.M.
112.5,116.0,111.25,115.8,115.35,18-04-1717 A.M.
108.55,112.9,108.5,111.9,112.35,19-04-1717 A.M.
109.0,110.55,106.25,108.0,108.3,20-04-1717 A.M.
110.95,111.95,109.25,109.65,109.85,21-04-1717 A.M.
110.05,111.6,108.05,110.6,110.05,24-04-1717 A.M.
113.45,113.5,108.75,109.5,109.15,25-04-1717 A.M.
115.0,115.0,109.75,112.9,112.7,26-04-1717 A.M.
124.0,124.0,108.5,111.0,110.95,27-04-1717 A.M.
113.55,115.8,112.9,114.85,114.7,28-04-1717 A.M.
109.0,113.9,108.95,113.35,113.1,02-05-1717 A.M.
113.9,115.2,108.1,109.9,109.7,03-05-1717 A.M.
116.3,116.65,112.25,112.6,112.95,04-05-1717 A.M.
121.0,121.15,115.4,115.55,116.0,05-05-1717 A.M.
119.15,123.3,118.6,121.45,120.4,08-05-1717 A.M.
117.5,119.8,117.1,118.05,118.1,09-05-1717 A.M.
119.0,120.0,116.25,116.6,116.8,10-05-1717 A.M.
117.6,118.85,116.8,117.65,118.2,11-05-1717 A.M.
113.8,117.75,112.15,116.15,116.1,12-05-1717 A.M.
115.15,120.0,113.3,113.3,113.8,15-05-1717 A.M.
120.05,120.05,115.0,115.8,116.0,16-05-1717 A.M.
120.7,121.5,117.9,120.6,120.4,17-05-1717 A.M.
124.25,124.3,119.85,120.6,120.55,18-05-1717 A.M.
125.95,126.45,120.5,123.0,123.35,19-05-1717 A.M.
122.2,128.8,121.85,125.7,125.55,22-05-1717 A.M.
113.75,122.25,113.75,122.0,120.7,23-05-1717 A.M.
119.0,120.2,112.0,113.1,113.05,24-05-1717 A.M.
121.0,121.9,118.5,119.85,119.95,25-05-1717 A.M.
117.0,122.8,116.1,120.7,120.0,26-05-1717 A.M.
121.9,122.1,114.5,118.15,117.2,29-05-1717 A.M.
119.95,122.95,119.3,120.9,120.8,30-05-1717 A.M.
121.45,122.85,118.2,119.05,119.2,31-05-1717 A.M.
120.5,123.6,117.25,119.95,120.9,01-06-1717 A.M.
121.5,122.6,119.35,120.9,121.0,02-06-1717 A.M.
121.4,122.8,119.45,120.25,120.8,05-06-1717 A.M.
119.7,123.45,116.1,121.5,121.45,06-06-1717 A.M.
123.05,124.75,117.8,118.85,118.95,07-06-1717 A.M.
117.5,126.4,117.0,122.8,123.05,08-06-1717 A.M.
113.0,119.0,113.0,118.7,117.75,09-06-1717 A.M.
116.2,117.5,112.0,113.35,113.4,12-06-1717 A.M.
120.0,122.3,114.2,115.1,116.05,13-06-1717 A.M.
110.0,120.5,108.15,120.3,119.75,14-06-1717 A.M.
110.2,113.35,107.4,110.3,110.0,15-06-1717 A.M.
116.0,116.0,108.0,109.2,109.15,16-06-1717 A.M.
102.0,108.85,100.75,108.2,107.75,19-06-1717 A.M.
98.0,100.2,96.55,98.8,97.9,20-06-1717 A.M.
95.0,98.95,94.0,98.7,97.1,21-06-1717 A.M.
93.5,96.2,91.8,95.35,95.25,22-06-1717 A.M.
92.15,94.1,92.15,93.5,93.3,23-06-1717 A.M.
93.0,93.9,91.15,92.0,92.05,27-06-1717 A.M.
94.55,96.2,91.5,92.8,92.65,28-06-1717 A.M.
94.75,96.1,93.35,93.95,93.9,29-06-1717 A.M.
97.0,97.5,92.15,92.9,93.0,30-06-1717 A.M.
99.95,100.8,96.45,97.0,97.2,03-07-1717 A.M.
86.0,99.2,86.0,98.7,98.5,04-07-1717 A.M.
93.9,96.5,92.85,94.55,94.15,05-07-1717 A.M.
92.95,94.6,92.5,93.0,92.9,06-07-1717 A.M.
94.65,95.4,92.45,92.95,92.9,07-07-1717 A.M.
93.25,94.8,92.75,94.2,93.95,10-07-1717 A.M.
94.0,94.95,92.5,93.1,93.1,11-07-1717 A.M.
94.0,94.15,93.05,93.2,93.35,12-07-1717 A.M.
92.5,94.7,91.35,93.95,93.5,13-07-1717 A.M.
95.0,95.4,92.5,92.6,93.1,14-07-1717 A.M.
94.95,97.0,94.3,94.85,95.4,17-07-1717 A.M.
91.8,94.8,91.6,94.8,94.55,18-07-1717 A.M.
90.95,91.9,89.1,90.75,90.95,19-07-1717 A.M.
91.0,91.65,89.6,90.35,90.1,20-07-1717 A.M.
86.85,90.8,86.7,90.05,90.1,21-07-1717 A.M.
88.0,89.5,86.9,87.15,87.45,24-07-1717 A.M.
89.1,89.6,87.5,87.6,88.0,25-07-1717 A.M.
88.95,89.65,87.9,88.9,88.7,26-07-1717 A.M.
90.9,91.45,88.25,88.4,88.7,27-07-1717 A.M.
86.0,90.3,85.8,89.75,89.85,28-07-1717 A.M.
87.0,87.9,85.5,85.6,86.35,31-07-1717 A.M.
85.2,87.2,84.5,85.25,85.05,01-08-1717 A.M.
86.1,86.1,83.8,84.6,84.5,02-08-1717 A.M.
89.8,91.15,85.0,85.4,86.4,03-08-1717 A.M.
86.5,90.35,85.85,90.2,89.8,04-08-1717 A.M.
88.4,90.6,86.5,87.05,87.5,07-08-1717 A.M.
86.35,89.55,86.0,88.7,88.8,08-08-1717 A.M.
90.15,90.6,87.0,87.35,87.55,09-08-1717 A.M.
88.75,90.25,87.75,89.9,89.7,10-08-1717 A.M.
90.85,91.15,88.3,89.8,89.75,11-08-1717 A.M.
91.0,91.55,89.7,90.55,90.85,14-08-1717 A.M.
91.7,92.8,90.0,90.05,90.55,16-08-1717 A.M.
88.6,92.7,88.0,91.35,91.75,17-08-1717 A.M.
85.55,88.7,84.6,88.55,88.25,18-08-1717 A.M.
83.95,85.2,81.3,83.8,83.95,21-08-1717 A.M.
84.0,86.35,82.9,84.3,84.1,22-08-1717 A.M.
82.25,84.3,82.25,83.45,83.75,23-08-1717 A.M.
82.4,83.0,81.1,81.6,81.55,24-08-1717 A.M.
81.1,83.4,80.0,83.4,82.4,28-08-1717 A.M.
82.6,82.8,80.3,81.0,80.95,29-08-1717 A.M.
82.1,83.45,81.55,83.05,82.7,30-08-1717 A.M.
82.5,83.85,81.0,82.2,82.0,31-08-1717 A.M.
82.2,83.75,81.2,83.5,82.6,01-09-1717 A.M.
84.0,85.45,81.2,82.4,82.5,04-09-1717 A.M.
85.9,86.05,83.25,84.25,83.7,05-09-1717 A.M.
87.2,87.7,85.4,85.7,85.75,06-09-1717 A.M.
89.2,89.45,86.9,87.05,87.7,07-09-1717 A.M.
89.35,89.5,87.05,88.25,88.3,08-09-1717 A.M.
91.4,91.4,88.6,89.4,89.15,11-09-1717 A.M.
91.1,91.65,90.5,90.55,90.75,12-09-1717 A.M.
91.6,92.05,90.7,91.15,90.95,13-09-1717 A.M.
91.1,91.8,89.8,90.55,90.7,14-09-1717 A.M.
91.0,92.6,90.55,91.15,91.15,15-09-1717 A.M.
91.75,93.35,90.9,91.25,91.65,18-09-1717 A.M.
91.3,93.1,91.3,92.15,92.6,19-09-1717 A.M.
89.0,91.0,89.0,89.6,89.75,20-09-1717 A.M.
87.0,88.1,87.0,88.0,87.9,21-09-1717 A.M.
85.6,87.4,84.7,87.2,86.85,22-09-1717 A.M.
86.0,86.75,84.75,85.1,85.15,25-09-1717 A.M.
85.5,86.4,84.35,84.5,84.7,26-09-1717 A.M.
86.95,87.45,85.0,85.25,85.25,27-09-1717 A.M.
88.7,89.1,85.6,87.5,87.55,28-09-1717 A.M.
90.0,90.0,86.75,87.55,87.55,29-09-1717 A.M.
88.2,90.9,87.35,90.45,90.3,03-10-1717 A.M.
86.5,88.4,86.05,87.8,87.9,04-10-1717 A.M.
88.3,89.3,86.5,86.6,86.75,05-10-1717 A.M.
86.0,89.2,86.0,88.15,88.1,06-10-1717 A.M.
86.15,88.8,86.1,86.75,86.65,09-10-1717 A.M.
83.2,86.45,83.0,85.75,85.65,10-10-1717 A.M.
82.55,83.5,82.1,82.6,82.55,11-10-1717 A.M.
83.5,83.7,80.5,81.1,81.1,12-10-1717 A.M.
84.4,84.85,82.4,82.75,82.9,13-10-1717 A.M.
85.5,85.5,83.6,83.85,84.0,16-10-1717 A.M.
84.85,87.0,84.85,85.7,85.8,17-10-1717 A.M.
86.7,87.4,85.25,85.75,85.7,18-10-1717 A.M.
89.15,89.15,85.75,85.75,86.45,19-10-1717 A.M.
87.7,89.0,87.1,89.0,88.6,23-10-1717 A.M.
87.0,87.8,84.45,86.9,86.7,24-10-1717 A.M.
84.75,88.0,83.1,87.55,87.05,25-10-1717 A.M.
91.5,91.7,85.6,86.0,86.2,26-10-1717 A.M.
91.6,93.2,91.6,92.5,92.8,27-10-1717 A.M.
90.7,92.7,90.7,92.0,92.15,30-10-1717 A.M.
90.1,91.9,90.1,90.7,90.65,31-10-1717 A.M.
93.2,93.5,90.05,91.0,90.55,01-11-1717 A.M.
92.5,93.4,91.95,92.6,92.6,02-11-1717 A.M.
91.25,92.5,90.25,92.4,92.0,03-11-1717 A.M.
91.9,94.0,89.95,91.3,91.15,06-11-1717 A.M.
92.0,92.5,90.25,91.15,91.05,07-11-1717 A.M.
94.95,96.9,92.8,93.4,93.3,08-11-1717 A.M.
94.7,95.95,94.2,94.3,94.55,09-11-1717 A.M.
95.0,95.9,94.05,94.25,94.4,10-11-1717 A.M.
91.1,95.0,91.1,95.0,94.2,13-11-1717 A.M.
92.25,93.7,91.15,91.65,91.6,14-11-1717 A.M.
94.3,94.8,91.9,92.9,92.7,15-11-1717 A.M.
95.0,95.5,92.85,93.4,93.55,16-11-1717 A.M.
90.95,93.9,90.1,93.9,93.35,17-11-1717 A.M.
93.25,93.5,88.7,89.2,89.35,20-11-1717 A.M.
91.9,94.45,89.05,91.95,92.15,21-11-1717 A.M.
92.8,93.7,90.5,90.65,91.2,22-11-1717 A.M.
92.0,93.0,90.75,91.6,92.1,23-11-1717 A.M.
88.8,91.7,87.8,91.05,90.6,24-11-1717 A.M.
86.05,88.9,85.65,87.85,87.6,27-11-1717 A.M.
96.0,96.0,87.65,87.8,88.6,28-11-1717 A.M.
98.1,98.75,94.3,95.05,95.35,29-11-1717 A.M.
103.75,104.0,97.3,97.7,98.45,30-11-1717 A.M.
103.7,104.75,101.7,101.7,102.3,01-12-1717 A.M.
105.95,106.45,101.9,102.8,102.95,04-12-1717 A.M.
104.8,109.6,101.2,105.6,106.65,05-12-1717 A.M.
102.5,108.0,101.0,102.5,102.75,06-12-1717 A.M.
103.0,108.85,101.15,106.75,106.3,07-12-1717 A.M.
108.1,108.45,102.05,106.5,106.35,08-12-1717 A.M.
108.4,115.4,108.05,111.1,111.0,11-12-1717 A.M.
103.7,108.3,102.6,108.2,107.65,12-12-1717 A.M.
105.6,106.95,103.65,104.9,104.6,13-12-1717 A.M.
108.2,109.0,106.45,106.85,107.0,14-12-1717 A.M.
107.8,108.75,105.5,106.25,106.55,15-12-1717 A.M.
107.1,108.8,102.1,108.15,108.0,18-12-1717 A.M.
105.9,109.05,104.1,108.55,108.55,19-12-1717 A.M.
105.9,108.7,104.5,104.85,104.95,20-12-1717 A.M.
103.5,106.75,102.3,105.8,105.4,21-12-1717 A.M.
100.25,103.15,100.05,103.05,102.8,22-12-1717 A.M.
100.95,102.25,98.25,99.4,99.25,26-12-1717 A.M.
103.0,103.8,100.65,100.9,100.95,27-12-1717 A.M.
103.15,104.0,102.4,102.7,102.8,28-12-1717 A.M.
101.0,104.15,100.4,103.1,103.15,29-12-1717 A.M.
103.4,103.45,100.05,100.65,100.85,01-01-1718 A.M.
100.5,103.95,100.05,102.4,102.55,02-01-1718 A.M.
101.0,102.45,100.7,101.95,101.65,03-01-1718 A.M.
105.0,108.0,98.25,100.4,100.4,04-01-1718 A.M.
100.1,102.5,99.5,101.75,101.45,05-01-1718 A.M.
104.8,105.7,98.35,100.0,100.0,08-01-1718 A.M.
103.95,105.9,102.9,105.0,105.0,09-01-1718 A.M.
103.25,105.0,102.75,102.95,103.2,10-01-1718 A.M.
105.7,107.65,102.3,103.25,103.0,11-01-1718 A.M.
98.8,106.1,97.85,105.15,104.35,12-01-1718 A.M.
98.0,99.25,95.75,97.35,97.75,15-01-1718 A.M.
93.4,97.0,92.2,96.7,96.55,16-01-1718 A.M.
93.7,94.85,92.7,93.25,93.05,17-01-1718 A.M.
92.95,93.05,91.25,92.9,92.7,18-01-1718 A.M.
91.05,94.0,91.0,92.0,92.05,19-01-1718 A.M.
91.5,93.0,91.3,91.7,91.8,22-01-1718 A.M.
90.3,92.55,89.2,90.9,90.6,23-01-1718 A.M.
93.7,93.7,89.8,90.0,90.25,24-01-1718 A.M.
94.5,95.25,91.75,91.75,92.35,25-01-1718 A.M.
98.7,98.8,90.55,93.8,93.4,29-01-1718 A.M.
97.1,99.4,93.15,98.3,98.6,30-01-1718 A.M.
97.9,98.6,96.55,97.0,96.95,31-01-1718 A.M.
99.95,100.95,98.25,98.35,98.65,01-02-1718 A.M.
100.85,101.45,99.35,99.55,100.05,02-02-1718 A.M.
96.0,100.4,95.0,100.4,99.9,05-02-1718 A.M.
96.9,97.9,95.05,96.0,95.85,06-02-1718 A.M.
98.8,99.0,96.2,96.8,96.65,07-02-1718 A.M.
95.8,99.4,95.3,97.95,98.2,08-02-1718 A.M.
94.0,95.2,93.0,94.35,94.2,09-02-1718 A.M.
92.3,97.0,92.1,92.85,93.15,12-02-1718 A.M.
94.0,97.0,93.2,93.7,93.6,14-02-1718 A.M.
91.6,96.25,90.0,94.2,94.0,15-02-1718 A.M.
88.0,92.2,87.45,91.75,91.6,16-02-1718 A.M.
87.75,88.2,86.4,87.5,87.4,19-02-1718 A.M.
88.6,89.55,86.4,87.15,86.85,20-02-1718 A.M.
85.75,88.55,85.75,88.35,88.2,21-02-1718 A.M.
88.5,89.8,85.05,86.0,85.75,22-02-1718 A.M.
92.15,92.3,86.8,89.0,88.2,23-02-1718 A.M.
96.15,96.7,91.5,91.9,92.15,26-02-1718 A.M.
97.5,97.5,95.05,95.5,95.45,27-02-1718 A.M.
96.2,97.9,96.15,97.1,97.3,28-02-1718 A.M.
96.95,97.3,95.8,96.05,96.2,01-03-1718 A.M.
97.5,98.3,95.85,96.25,96.4,05-03-1718 A.M.
97.25,98.25,96.0,96.4,96.35,06-03-1718 A.M.
99.15,99.85,97.0,97.45,97.25,07-03-1718 A.M.
98.0,100.3,97.1,99.3,99.15,08-03-1718 A.M.
100.8,103.3,97.2,98.4,97.95,09-03-1718 A.M.
100.55,101.4,100.05,101.0,100.75,12-03-1718 A.M.
98.0,101.45,97.25,99.95,99.8,13-03-1718 A.M.
98.15,99.05,96.6,97.9,97.7,14-03-1718 A.M.
97.9,98.55,96.6,97.55,97.55,15-03-1718 A.M.
97.9,98.7,95.35,97.0,96.35,16-03-1718 A.M.
99.8,99.8,96.4,97.45,97.9,19-03-1718 A.M.
100.05,100.7,98.6,99.1,99.45,20-03-1718 A.M.
101.0,101.9,99.5,99.8,100.0,21-03-1718 A.M.
102.7,103.65,99.5,100.85,100.75,22-03-1718 A.M.
104.8,104.8,102.15,102.55,102.6,23-03-1718 A.M.
105.5,105.7,103.15,104.0,103.95,26-03-1718 A.M.
102.45,104.8,100.45,104.25,104.45,27-03-1718 A.M.
102.95,104.1,101.85,101.85,102.15,28-03-1718 A.M.
101.5,103.6,101.5,103.05,103.05,02-04-1718 A.M.
102.0,102.95,101.15,102.0,101.8,03-04-1718 A.M.
100.5,102.5,100.05,101.45,101.45,04-04-1718 A.M.
103.5,104.85,100.0,100.65,100.4,05-04-1718 A.M.
103.5,104.65,102.05,103.1,103.25,06-04-1718 A.M.
101.75,103.9,101.1,103.7,103.3,09-04-1718 A.M.
104.65,105.0,100.5,102.6,102.5,10-04-1718 A.M.
109.25,110.4,103.3,104.3,104.65,11-04-1718 A.M.
107.35,109.5,106.7,108.75,108.9,12-04-1718 A.M.
106.75,107.45,104.2,106.7,106.65,13-04-1718 A.M.
106.8,106.8,103.2,105.25,105.4,16-04-1718 A.M.
101.0,102.8,101.0,101.9,101.85,17-04-1718 A.M.
97.75,101.4,97.65,100.6,100.65,18-04-1718 A.M.
97.45,99.0,96.0,98.35,97.75,19-04-1718 A.M.
97.5,98.0,96.6,97.15,97.05,20-04-1718 A.M.
98.5,98.9,95.7,96.0,96.0,23-04-1718 A.M.
98.2,99.2,97.6,98.15,98.5,24-04-1718 A.M.
99.7,101.0,97.85,97.9,98.15,25-04-1718 A.M.
98.0,99.9,98.0,99.05,99.25,26-04-1718 A.M.
98.05,98.9,97.2,97.5,97.65,27-04-1718 A.M.
98.25,99.7,97.5,97.7,97.9,30-04-1718 A.M.
98.7,99.9,97.5,98.35,98.25,02-05-1718 A.M.
98.2,100.4,96.2,97.05,97.6,03-05-1718 A.M.
98.0,100.2,96.55,97.35,97.3,04-05-1718 A.M.
99.0,101.5,98.7,98.9,99.1,07-05-1718 A.M.
99.7,102.5,95.6,98.1,98.5,08-05-1718 A.M.
102.6,104.2,100.7,101.8,102.1,09-05-1718 A.M.
96.1,105.8,95.15,100.1,101.3,10-05-1718 A.M.
95.9,98.0,94.7,96.05,96.4,11-05-1718 A.M.
94.75,98.2,94.05,96.2,96.35,14-05-1718 A.M.
89.0,94.75,88.25,93.65,93.6,15-05-1718 A.M.
90.0,90.75,87.85,89.1,88.75,16-05-1718 A.M.
90.3,91.95,90.0,90.75,90.75,17-05-1718 A.M.
91.0,92.0,90.05,90.45,90.4,18-05-1718 A.M.
89.8,91.8,89.4,91.0,91.0,21-05-1718 A.M.
88.0,90.0,86.0,89.0,89.25,22-05-1718 A.M.
88.5,90.25,87.2,88.75,88.6,23-05-1718 A.M.
95.6,96.0,86.9,88.0,87.4,24-05-1718 A.M.
96.7,97.5,94.85,96.0,95.3,25-05-1718 A.M.
96.0,99.35,94.4,97.0,96.4,28-05-1718 A.M.
95.4,96.95,94.05,96.2,96.15,29-05-1718 A.M.
101.5,102.5,93.65,94.6,94.5,30-05-1718 A.M.
95.8,102.8,94.05,101.85,101.65,31-05-1718 A.M.
95.85,95.95,94.15,94.75,94.45,01-06-1718 A.M.
95.35,96.5,93.4,95.95,95.75,04-06-1718 A.M.
92.45,95.0,92.25,94.8,94.6,05-06-1718 A.M.
88.75,92.75,87.2,91.5,91.7,06-06-1718 A.M.
88.2,89.0,84.8,88.35,88.1,07-06-1718 A.M.
93.0,93.0,87.0,88.45,87.85,08-06-1718 A.M.
96.0,96.8,92.0,92.35,92.5,11-06-1718 A.M.
97.7,97.7,95.3,96.0,95.75,12-06-1718 A.M.
96.5,97.65,94.5,94.75,95.3,13-06-1718 A.M.
97.5,97.85,94.2,96.0,96.05,14-06-1718 A.M.
98.8,100.0,96.6,96.9,97.35,15-06-1718 A.M.
101.0,102.0,97.8,98.0,98.3,18-06-1718 A.M.
99.15,100.6,95.3,100.5,99.45,19-06-1718 A.M.
106.0,106.8,98.25,100.0,99.8,20-06-1718 A.M.
106.2,108.2,105.2,106.0,106.35,21-06-1718 A.M.
107.0,107.4,106.05,106.2,106.2,22-06-1718 A.M.
104.6,106.75,104.6,106.7,106.25,25-06-1718 A.M.
106.0,107.45,105.15,105.7,105.65,26-06-1718 A.M.
105.1,109.1,104.2,106.75,106.5,27-06-1718 A.M.
105.05,106.9,104.1,104.8,104.95,28-06-1718 A.M.
105.8,106.9,104.2,104.4,104.75,29-06-1718 A.M.
105.3,108.25,102.65,104.7,104.9,02-07-1718 A.M.
105.1,109.7,102.8,104.35,104.4,03-07-1718 A.M.
103.8,104.5,102.7,103.75,103.25,04-07-1718 A.M.
102.7,104.2,101.0,104.0,103.75,05-07-1718 A.M.
104.55,105.9,101.05,102.1,101.9,06-07-1718 A.M.
108.7,108.7,103.6,103.9,104.25,09-07-1718 A.M.
112.1,113.0,107.1,107.75,108.3,10-07-1718 A.M.
112.9,113.4,110.1,111.15,111.0,11-07-1718 A.M.
113.25,113.9,111.2,112.6,112.3,12-07-1718 A.M.
111.9,114.2,111.6,113.05,113.1,13-07-1718 A.M.
109.0,112.0,108.15,111.6,111.5,16-07-1718 A.M.
108.5,108.95,107.1,108.25,108.1,17-07-1718 A.M.
110.5,110.9,106.6,107.45,107.25,18-07-1718 A.M.
110.45,110.8,109.0,109.5,109.4,19-07-1718 A.M.
110.8,111.0,108.15,109.9,109.55,20-07-1718 A.M.
113.0,113.95,109.35,109.7,109.75,23-07-1718 A.M.
112.8,114.0,111.75,112.5,112.5,24-07-1718 A.M.
114.0,114.9,111.7,112.4,112.4,25-07-1718 A.M.
116.8,116.8,112.6,113.5,113.6,26-07-1718 A.M.
116.95,117.8,115.0,115.85,115.8,27-07-1718 A.M.
115.0,115.9,114.0,115.6,115.45,30-07-1718 A.M.
114.8,115.5,113.0,115.0,115.15,31-07-1718 A.M.
114.8,116.4,113.4,114.65,114.8,01-08-1718 A.M.
113.45,114.75,112.95,114.5,114.1,02-08-1718 A.M.
114.0,114.5,110.75,113.0,112.8,03-08-1718 A.M.
111.5,112.9,107.35,110.75,110.95,06-08-1718 A.M.
115.9,115.9,110.2,111.4,111.5,07-08-1718 A.M.
115.0,115.4,113.7,114.8,114.85,08-08-1718 A.M.
115.6,115.75,113.6,115.7,115.25,09-08-1718 A.M.
113.2,115.65,113.2,114.75,114.95,10-08-1718 A.M.
116.0,116.0,112.6,113.5,114.1,13-08-1718 A.M.
115.9,117.5,114.35,115.55,115.25,14-08-1718 A.M.
113.5,116.0,113.0,114.5,114.75,16-08-1718 A.M.
112.95,113.9,111.05,113.0,112.95,17-08-1718 A.M.
113.4,114.0,110.1,113.1,112.95,20-08-1718 A.M.
112.4,113.5,103.5,113.0,112.45,21-08-1718 A.M.
118.5,118.5,107.25,111.5,109.95,23-08-1718 A.M.
118.1,118.9,116.15,117.0,116.8,24-08-1718 A.M.
116.1,119.7,114.1,117.25,117.2,27-08-1718 A.M.
120.6,120.6,117.0,119.0,119.9,28-08-1718 A.M.
119.8,125.1,115.1,115.1,120.1,29-08-1718 A.M.
121.8,123.5,115.3,119.5,119.6,30-08-1718 A.M.
124.75,126.15,120.0,120.5,121.2,31-08-1718 A.M.
125.85,126.0,123.1,125.0,124.75,03-09-1718 A.M.
127.5,129.85,124.2,124.75,124.85,04-09-1718 A.M.
132.7,134.0,127.3,128.3,128.1,05-09-1718 A.M.
129.0,132.75,127.0,132.2,131.9,06-09-1718 A.M.
125.75,128.25,124.15,127.7,127.4,07-09-1718 A.M.
126.0,126.9,124.5,125.2,125.15,10-09-1718 A.M.
129.45,129.45,125.2,125.7,125.6,11-09-1718 A.M.
124.7,125.8,123.1,124.35,124.3,12-09-1718 A.M.
126.0,126.7,124.0,124.3,124.55,14-09-1718 A.M.
125.5,126.2,124.55,125.2,125.15,17-09-1718 A.M.
126.0,128.4,123.0,124.5,124.55,18-09-1718 A.M.
127.65,128.0,120.5,124.1,124.65,19-09-1718 A.M.
128.9,130.0,127.3,129.6,128.95,21-09-1718 A.M.
128.2,129.5,125.55,127.65,127.25,24-09-1718 A.M.
129.2,129.6,126.7,126.9,127.35,25-09-1718 A.M.
129.95,130.5,128.25,128.6,128.45,26-09-1718 A.M.
132.0,132.0,128.05,129.2,128.55,27-09-1718 A.M.
129.8,131.1,128.7,130.55,130.4,28-09-1718 A.M.
129.25,130.75,128.5,129.2,129.35,01-10-1718 A.M.
131.5,132.85,128.15,130.0,129.75,03-10-1718 A.M.
130.1,131.0,126.35,129.95,129.6,04-10-1718 A.M.
134.85,134.85,128.4,130.5,129.85,05-10-1718 A.M.
134.25,137.0,131.05,133.2,133.05,08-10-1718 A.M.
131.9,134.4,131.35,133.8,133.75,09-10-1718 A.M.
134.5,135.75,130.0,131.2,131.0,10-10-1718 A.M.
134.5,135.9,133.3,134.25,134.25,11-10-1718 A.M.
134.75,135.95,131.1,133.1,132.6,12-10-1718 A.M.
130.1,138.75,129.65,133.75,133.4,15-10-1718 A.M.
128.0,129.9,127.1,129.5,129.3,16-10-1718 A.M.
125.0,127.9,123.2,127.5,127.0,17-10-1718 A.M.
124.4,125.45,123.2,124.2,124.65,19-10-1718 A.M.
121.3,124.0,121.3,123.6,123.5,22-10-1718 A.M.
122.3,122.7,119.15,121.05,120.2,23-10-1718 A.M.
123.3,124.75,121.2,121.25,121.5,24-10-1718 A.M.
124.6,125.75,122.05,123.1,122.85,25-10-1718 A.M.
126.35,126.9,123.15,123.55,123.6,26-10-1718 A.M.
123.45,127.5,122.85,125.0,125.1,29-10-1718 A.M.
121.6,124.25,119.9,123.6,123.55,30-10-1718 A.M.
123.0,123.5,119.8,120.5,120.8,31-10-1718 A.M.
124.55,125.65,121.05,122.5,122.5,01-11-1718 A.M.
122.5,124.95,122.0,124.8,124.55,02-11-1718 A.M.
122.8,125.35,121.6,123.15,122.65,05-11-1718 A.M.
124.0,125.0,121.5,122.4,122.15,06-11-1718 A.M.
124.85,126.5,123.0,123.1,123.25,07-11-1718 A.M.
126.15,128.2,123.5,123.9,123.9,09-11-1718 A.M.
128.5,128.8,125.3,125.85,125.95,12-11-1718 A.M.
127.7,129.5,126.7,127.6,127.8,13-11-1718 A.M.
128.0,129.8,125.1,126.55,127.25,14-11-1718 A.M.
124.0,128.5,122.1,127.55,127.7,15-11-1718 A.M.
123.25,124.65,122.8,123.5,123.15,16-11-1718 A.M.
122.5,124.0,121.85,122.0,122.15,19-11-1718 A.M.
124.2,124.55,122.0,122.45,122.4,20-11-1718 A.M.
121.65,123.65,120.2,122.7,123.0,21-11-1718 A.M.
117.0,121.0,116.1,120.75,120.5,22-11-1718 A.M.
118.8,119.7,116.7,117.9,117.6,26-11-1718 A.M.
119.0,119.85,117.1,118.25,117.75,27-11-1718 A.M.
118.2,119.35,116.6,118.0,118.15,28-11-1718 A.M.
116.0,118.7,115.4,117.0,117.0,29-11-1718 A.M.
118.45,119.8,116.05,116.75,116.45,30-11-1718 A.M.
114.0,118.25,112.0,116.65,116.7,03-12-1718 A.M.
112.0,113.4,111.05,111.35,111.5,04-12-1718 A.M.
110.0,114.35,108.5,113.35,113.05,05-12-1718 A.M.
110.15,111.2,108.1,108.5,108.85,06-12-1718 A.M.
111.9,112.4,109.7,110.2,110.1,07-12-1718 A.M.
115.95,115.95,110.75,112.0,111.25,10-12-1718 A.M.
113.4,116.0,112.6,114.1,114.15,11-12-1718 A.M.
113.0,114.45,112.25,112.8,112.55,12-12-1718 A.M.
113.75,115.5,112.0,113.9,113.9,13-12-1718 A.M.
112.9,114.3,111.55,112.05,112.3,14-12-1718 A.M.
112.0,113.85,112.0,113.2,112.85,17-12-1718 A.M.
114.1,114.9,111.75,112.2,112.1,18-12-1718 A.M.
117.0,117.0,113.8,114.1,114.05,19-12-1718 A.M.
118.5,119.0,116.1,116.65,116.5,20-12-1718 A.M.
118.3,119.95,117.9,118.65,118.3,21-12-1718 A.M.
117.3,118.5,116.6,118.1,117.3,24-12-1718 A.M.
116.5,118.0,114.6,115.85,116.05,26-12-1718 A.M.
112.5,121.7,112.5,117.5,116.6,27-12-1718 A.M.
118.0,120.5,117.2,118.15,118.25,28-12-1718 A.M.
117.6,119.5,112.0,118.8,118.65,31-12-1718 A.M.
120.1,121.0,117.1,117.1,117.6,01-01-1719 A.M.
121.8,121.95,120.25,120.35,120.65,02-01-1719 A.M.
120.3,122.0,120.25,120.75,120.9,03-01-1719 A.M.
122.1,123.0,121.05,121.1,121.55,04-01-1719 A.M.
